[
{
    "model": "admin.logentry",
    "pk": 1,
    "fields": {
        "action_time": "2024-02-13T14:56:40.173Z",
        "user": 1,
        "content_type": 10,
        "object_id": "1",
        "object_repr": "Proveedor object (1)",
        "action_flag": 1,
        "change_message": "[{\"added\": {}}]"
    }
},
{
    "model": "admin.logentry",
    "pk": 2,
    "fields": {
        "action_time": "2024-02-13T14:56:52.279Z",
        "user": 1,
        "content_type": 10,
        "object_id": "2",
        "object_repr": "Proveedor object (2)",
        "action_flag": 1,
        "change_message": "[{\"added\": {}}]"
    }
},
{
    "model": "admin.logentry",
    "pk": 3,
    "fields": {
        "action_time": "2024-02-13T14:57:01.086Z",
        "user": 1,
        "content_type": 10,
        "object_id": "3",
        "object_repr": "Proveedor object (3)",
        "action_flag": 1,
        "change_message": "[{\"added\": {}}]"
    }
},
{
    "model": "admin.logentry",
    "pk": 4,
    "fields": {
        "action_time": "2024-02-13T14:57:12.162Z",
        "user": 1,
        "content_type": 10,
        "object_id": "4",
        "object_repr": "Proveedor object (4)",
        "action_flag": 1,
        "change_message": "[{\"added\": {}}]"
    }
},
{
    "model": "admin.logentry",
    "pk": 5,
    "fields": {
        "action_time": "2024-02-13T14:57:21.369Z",
        "user": 1,
        "content_type": 10,
        "object_id": "5",
        "object_repr": "Proveedor object (5)",
        "action_flag": 1,
        "change_message": "[{\"added\": {}}]"
    }
},
{
    "model": "admin.logentry",
    "pk": 6,
    "fields": {
        "action_time": "2024-02-13T14:57:28.792Z",
        "user": 1,
        "content_type": 10,
        "object_id": "6",
        "object_repr": "Proveedor object (6)",
        "action_flag": 1,
        "change_message": "[{\"added\": {}}]"
    }
},
{
    "model": "admin.logentry",
    "pk": 7,
    "fields": {
        "action_time": "2024-02-13T14:57:37.168Z",
        "user": 1,
        "content_type": 10,
        "object_id": "7",
        "object_repr": "Proveedor object (7)",
        "action_flag": 1,
        "change_message": "[{\"added\": {}}]"
    }
},
{
    "model": "admin.logentry",
    "pk": 8,
    "fields": {
        "action_time": "2024-02-13T14:57:46.779Z",
        "user": 1,
        "content_type": 10,
        "object_id": "8",
        "object_repr": "Proveedor object (8)",
        "action_flag": 1,
        "change_message": "[{\"added\": {}}]"
    }
},
{
    "model": "admin.logentry",
    "pk": 9,
    "fields": {
        "action_time": "2024-02-13T14:57:56.403Z",
        "user": 1,
        "content_type": 10,
        "object_id": "9",
        "object_repr": "Proveedor object (9)",
        "action_flag": 1,
        "change_message": "[{\"added\": {}}]"
    }
},
{
    "model": "admin.logentry",
    "pk": 10,
    "fields": {
        "action_time": "2024-02-13T14:58:04.129Z",
        "user": 1,
        "content_type": 10,
        "object_id": "10",
        "object_repr": "Proveedor object (10)",
        "action_flag": 1,
        "change_message": "[{\"added\": {}}]"
    }
},
{
    "model": "admin.logentry",
    "pk": 11,
    "fields": {
        "action_time": "2024-02-13T15:22:25.688Z",
        "user": 1,
        "content_type": 3,
        "object_id": "1",
        "object_repr": "gerente",
        "action_flag": 1,
        "change_message": "[{\"added\": {}}]"
    }
},
{
    "model": "admin.logentry",
    "pk": 12,
    "fields": {
        "action_time": "2024-02-19T21:18:13.473Z",
        "user": 1,
        "content_type": 30,
        "object_id": "1",
        "object_repr": "http://127.0.0.1:8000",
        "action_flag": 2,
        "change_message": "[{\"changed\": {\"fields\": [\"Domain name\", \"Display name\"]}}]"
    }
},
{
    "model": "admin.logentry",
    "pk": 13,
    "fields": {
        "action_time": "2024-02-19T21:19:47.036Z",
        "user": 1,
        "content_type": 34,
        "object_id": "1",
        "object_repr": "App_Farmacia_API",
        "action_flag": 1,
        "change_message": "[{\"added\": {}}]"
    }
},
{
    "model": "admin.logentry",
    "pk": 14,
    "fields": {
        "action_time": "2024-02-19T21:24:07.027Z",
        "user": 1,
        "content_type": 30,
        "object_id": "1",
        "object_repr": "127.0.0.1:8000",
        "action_flag": 2,
        "change_message": "[{\"changed\": {\"fields\": [\"Domain name\", \"Display name\"]}}]"
    }
},
{
    "model": "admin.logentry",
    "pk": 15,
    "fields": {
        "action_time": "2024-02-19T21:57:59.960Z",
        "user": 1,
        "content_type": 3,
        "object_id": "1",
        "object_repr": "Gerente",
        "action_flag": 2,
        "change_message": "[{\"changed\": {\"fields\": [\"Name\"]}}]"
    }
},
{
    "model": "admin.logentry",
    "pk": 16,
    "fields": {
        "action_time": "2024-02-19T21:58:09.786Z",
        "user": 1,
        "content_type": 3,
        "object_id": "2",
        "object_repr": "Administrador",
        "action_flag": 1,
        "change_message": "[{\"added\": {}}]"
    }
},
{
    "model": "admin.logentry",
    "pk": 17,
    "fields": {
        "action_time": "2024-02-19T21:58:15.160Z",
        "user": 1,
        "content_type": 3,
        "object_id": "3",
        "object_repr": "Cliente",
        "action_flag": 1,
        "change_message": "[{\"added\": {}}]"
    }
},
{
    "model": "admin.logentry",
    "pk": 18,
    "fields": {
        "action_time": "2024-02-19T21:58:19.617Z",
        "user": 1,
        "content_type": 3,
        "object_id": "4",
        "object_repr": "Empleado",
        "action_flag": 1,
        "change_message": "[{\"added\": {}}]"
    }
},
{
    "model": "admin.logentry",
    "pk": 19,
    "fields": {
        "action_time": "2024-02-28T17:15:24.022Z",
        "user": 1,
        "content_type": 3,
        "object_id": "3",
        "object_repr": "Cliente",
        "action_flag": 2,
        "change_message": "[{\"changed\": {\"fields\": [\"Permissions\"]}}]"
    }
},
{
    "model": "admin.logentry",
    "pk": 20,
    "fields": {
        "action_time": "2024-02-28T17:18:14.284Z",
        "user": 1,
        "content_type": 3,
        "object_id": "4",
        "object_repr": "Empleado",
        "action_flag": 2,
        "change_message": "[{\"changed\": {\"fields\": [\"Permissions\"]}}]"
    }
},
{
    "model": "admin.logentry",
    "pk": 21,
    "fields": {
        "action_time": "2024-02-28T20:28:58.751Z",
        "user": 1,
        "content_type": 12,
        "object_id": "21",
        "object_repr": "empleado",
        "action_flag": 1,
        "change_message": "[{\"added\": {}}]"
    }
},
{
    "model": "admin.logentry",
    "pk": 22,
    "fields": {
        "action_time": "2024-02-28T20:29:13.390Z",
        "user": 1,
        "content_type": 20,
        "object_id": "1",
        "object_repr": "Empleado object (1)",
        "action_flag": 1,
        "change_message": "[{\"added\": {}}]"
    }
},
{
    "model": "admin.logentry",
    "pk": 23,
    "fields": {
        "action_time": "2024-03-07T21:55:25.949Z",
        "user": 1,
        "content_type": 16,
        "object_id": "1",
        "object_repr": "Feliz Cumpleaños",
        "action_flag": 1,
        "change_message": "[{\"added\": {}}]"
    }
},
{
    "model": "admin.logentry",
    "pk": 24,
    "fields": {
        "action_time": "2024-03-07T21:59:40.198Z",
        "user": 1,
        "content_type": 9,
        "object_id": "10",
        "object_repr": "Crema de hidrocortisona 1%",
        "action_flag": 2,
        "change_message": "[{\"changed\": {\"fields\": [\"Imagen prod\"]}}]"
    }
},
{
    "model": "admin.logentry",
    "pk": 25,
    "fields": {
        "action_time": "2024-03-07T22:01:32.082Z",
        "user": 1,
        "content_type": 9,
        "object_id": "9",
        "object_repr": "Multivitamínico Centrum",
        "action_flag": 2,
        "change_message": "[{\"changed\": {\"fields\": [\"Imagen prod\"]}}]"
    }
},
{
    "model": "admin.logentry",
    "pk": 26,
    "fields": {
        "action_time": "2024-03-07T22:02:50.867Z",
        "user": 1,
        "content_type": 9,
        "object_id": "8",
        "object_repr": "Ranitidina 150mg",
        "action_flag": 2,
        "change_message": "[{\"changed\": {\"fields\": [\"Imagen prod\"]}}]"
    }
},
{
    "model": "admin.logentry",
    "pk": 27,
    "fields": {
        "action_time": "2024-03-07T22:04:56.900Z",
        "user": 1,
        "content_type": 9,
        "object_id": "7",
        "object_repr": "Salbutamol (Ventolin) inhalador",
        "action_flag": 2,
        "change_message": "[{\"changed\": {\"fields\": [\"Imagen prod\"]}}]"
    }
},
{
    "model": "admin.logentry",
    "pk": 28,
    "fields": {
        "action_time": "2024-03-07T22:05:44.137Z",
        "user": 1,
        "content_type": 9,
        "object_id": "6",
        "object_repr": "Simvastatina 20mg",
        "action_flag": 2,
        "change_message": "[{\"changed\": {\"fields\": [\"Imagen prod\"]}}]"
    }
},
{
    "model": "admin.logentry",
    "pk": 29,
    "fields": {
        "action_time": "2024-03-07T22:06:51.186Z",
        "user": 1,
        "content_type": 9,
        "object_id": "5",
        "object_repr": "Clorhexidina en enjuague bucal",
        "action_flag": 2,
        "change_message": "[{\"changed\": {\"fields\": [\"Imagen prod\"]}}]"
    }
},
{
    "model": "admin.logentry",
    "pk": 30,
    "fields": {
        "action_time": "2024-03-07T22:07:18.247Z",
        "user": 1,
        "content_type": 9,
        "object_id": "4",
        "object_repr": "Loratadina 10mg",
        "action_flag": 2,
        "change_message": "[{\"changed\": {\"fields\": [\"Imagen prod\"]}}]"
    }
},
{
    "model": "admin.logentry",
    "pk": 31,
    "fields": {
        "action_time": "2024-03-07T22:07:57.067Z",
        "user": 1,
        "content_type": 9,
        "object_id": "3",
        "object_repr": "Paracetamol 500mg",
        "action_flag": 2,
        "change_message": "[{\"changed\": {\"fields\": [\"Imagen prod\"]}}]"
    }
},
{
    "model": "admin.logentry",
    "pk": 32,
    "fields": {
        "action_time": "2024-03-07T22:08:29.618Z",
        "user": 1,
        "content_type": 9,
        "object_id": "2",
        "object_repr": "Omeprazol 20mg",
        "action_flag": 2,
        "change_message": "[{\"changed\": {\"fields\": [\"Imagen prod\"]}}]"
    }
},
{
    "model": "admin.logentry",
    "pk": 33,
    "fields": {
        "action_time": "2024-03-07T22:09:18.296Z",
        "user": 1,
        "content_type": 9,
        "object_id": "1",
        "object_repr": "Ibuprofeno 400mg",
        "action_flag": 2,
        "change_message": "[{\"changed\": {\"fields\": [\"Imagen prod\"]}}]"
    }
},
{
    "model": "admin.logentry",
    "pk": 34,
    "fields": {
        "action_time": "2024-03-07T22:28:23.579Z",
        "user": 1,
        "content_type": 16,
        "object_id": "1",
        "object_repr": "Feliz Cumpleaños",
        "action_flag": 2,
        "change_message": "[{\"changed\": {\"fields\": [\"Cliente promo\"]}}]"
    }
},
{
    "model": "admin.logentry",
    "pk": 35,
    "fields": {
        "action_time": "2024-03-07T23:36:00.195Z",
        "user": 1,
        "content_type": 6,
        "object_id": "1",
        "object_repr": "Cliente object (1)",
        "action_flag": 2,
        "change_message": "[{\"changed\": {\"fields\": [\"Birthday date\", \"Productos favoritos\"]}}]"
    }
},
{
    "model": "admin.logentry",
    "pk": 36,
    "fields": {
        "action_time": "2024-03-08T00:18:15.129Z",
        "user": 1,
        "content_type": 6,
        "object_id": "1",
        "object_repr": "Cliente object (1)",
        "action_flag": 2,
        "change_message": "[{\"changed\": {\"fields\": [\"Birthday date\"]}}]"
    }
},
{
    "model": "admin.logentry",
    "pk": 37,
    "fields": {
        "action_time": "2024-03-08T00:35:29.796Z",
        "user": 1,
        "content_type": 16,
        "object_id": "2",
        "object_repr": "Feliz Cumpleaños",
        "action_flag": 1,
        "change_message": "[{\"added\": {}}]"
    }
},
{
    "model": "admin.logentry",
    "pk": 38,
    "fields": {
        "action_time": "2024-03-08T00:35:36.152Z",
        "user": 1,
        "content_type": 16,
        "object_id": "1",
        "object_repr": "Feliz Cumpleaños",
        "action_flag": 3,
        "change_message": ""
    }
},
{
    "model": "admin.logentry",
    "pk": 39,
    "fields": {
        "action_time": "2024-03-08T00:36:14.907Z",
        "user": 1,
        "content_type": 6,
        "object_id": "1",
        "object_repr": "Cliente object (1)",
        "action_flag": 2,
        "change_message": "[{\"changed\": {\"fields\": [\"Birthday date\"]}}]"
    }
},
{
    "model": "admin.logentry",
    "pk": 40,
    "fields": {
        "action_time": "2024-03-08T01:17:14.021Z",
        "user": 1,
        "content_type": 9,
        "object_id": "10",
        "object_repr": "Crema de hidrocortisona 1%",
        "action_flag": 2,
        "change_message": "[{\"changed\": {\"fields\": [\"Stock\"]}}]"
    }
},
{
    "model": "admin.logentry",
    "pk": 41,
    "fields": {
        "action_time": "2024-03-08T01:17:18.952Z",
        "user": 1,
        "content_type": 9,
        "object_id": "9",
        "object_repr": "Multivitamínico Centrum",
        "action_flag": 2,
        "change_message": "[{\"changed\": {\"fields\": [\"Stock\"]}}]"
    }
},
{
    "model": "admin.logentry",
    "pk": 42,
    "fields": {
        "action_time": "2024-03-08T01:17:22.465Z",
        "user": 1,
        "content_type": 9,
        "object_id": "9",
        "object_repr": "Multivitamínico Centrum",
        "action_flag": 2,
        "change_message": "[]"
    }
},
{
    "model": "admin.logentry",
    "pk": 43,
    "fields": {
        "action_time": "2024-03-08T01:17:28.863Z",
        "user": 1,
        "content_type": 9,
        "object_id": "8",
        "object_repr": "Ranitidina 150mg",
        "action_flag": 2,
        "change_message": "[{\"changed\": {\"fields\": [\"Stock\"]}}]"
    }
},
{
    "model": "admin.logentry",
    "pk": 44,
    "fields": {
        "action_time": "2024-03-08T01:17:34.721Z",
        "user": 1,
        "content_type": 9,
        "object_id": "7",
        "object_repr": "Salbutamol (Ventolin) inhalador",
        "action_flag": 2,
        "change_message": "[{\"changed\": {\"fields\": [\"Stock\"]}}]"
    }
},
{
    "model": "admin.logentry",
    "pk": 45,
    "fields": {
        "action_time": "2024-03-08T01:17:39.201Z",
        "user": 1,
        "content_type": 9,
        "object_id": "6",
        "object_repr": "Simvastatina 20mg",
        "action_flag": 2,
        "change_message": "[{\"changed\": {\"fields\": [\"Stock\"]}}]"
    }
},
{
    "model": "admin.logentry",
    "pk": 46,
    "fields": {
        "action_time": "2024-03-08T01:17:44.693Z",
        "user": 1,
        "content_type": 9,
        "object_id": "5",
        "object_repr": "Clorhexidina en enjuague bucal",
        "action_flag": 2,
        "change_message": "[{\"changed\": {\"fields\": [\"Stock\"]}}]"
    }
},
{
    "model": "admin.logentry",
    "pk": 47,
    "fields": {
        "action_time": "2024-03-08T01:17:49.579Z",
        "user": 1,
        "content_type": 9,
        "object_id": "4",
        "object_repr": "Loratadina 10mg",
        "action_flag": 2,
        "change_message": "[{\"changed\": {\"fields\": [\"Stock\"]}}]"
    }
},
{
    "model": "admin.logentry",
    "pk": 48,
    "fields": {
        "action_time": "2024-03-08T01:17:54.732Z",
        "user": 1,
        "content_type": 9,
        "object_id": "3",
        "object_repr": "Paracetamol 500mg",
        "action_flag": 2,
        "change_message": "[{\"changed\": {\"fields\": [\"Stock\"]}}]"
    }
},
{
    "model": "admin.logentry",
    "pk": 49,
    "fields": {
        "action_time": "2024-03-08T01:17:59.942Z",
        "user": 1,
        "content_type": 9,
        "object_id": "2",
        "object_repr": "Omeprazol 20mg",
        "action_flag": 2,
        "change_message": "[{\"changed\": {\"fields\": [\"Stock\"]}}]"
    }
},
{
    "model": "admin.logentry",
    "pk": 50,
    "fields": {
        "action_time": "2024-03-08T01:18:04.113Z",
        "user": 1,
        "content_type": 9,
        "object_id": "1",
        "object_repr": "Ibuprofeno 400mg",
        "action_flag": 2,
        "change_message": "[{\"changed\": {\"fields\": [\"Stock\"]}}]"
    }
},
{
    "model": "admin.logentry",
    "pk": 51,
    "fields": {
        "action_time": "2024-03-09T23:01:43.222Z",
        "user": 1,
        "content_type": 38,
        "object_id": "1",
        "object_repr": "Ibuprofeno 400mg",
        "action_flag": 1,
        "change_message": "[{\"added\": {}}]"
    }
},
{
    "model": "admin.logentry",
    "pk": 52,
    "fields": {
        "action_time": "2024-03-09T23:12:39.288Z",
        "user": 1,
        "content_type": 38,
        "object_id": "2",
        "object_repr": "Omeprazol 20mg",
        "action_flag": 1,
        "change_message": "[{\"added\": {}}]"
    }
},
{
    "model": "admin.logentry",
    "pk": 53,
    "fields": {
        "action_time": "2024-03-09T23:32:45.552Z",
        "user": 1,
        "content_type": 38,
        "object_id": "1",
        "object_repr": "Ibuprofeno 400mg",
        "action_flag": 2,
        "change_message": "[{\"changed\": {\"fields\": [\"Detalles\"]}}]"
    }
},
{
    "model": "admin.logentry",
    "pk": 54,
    "fields": {
        "action_time": "2024-03-09T23:34:09.036Z",
        "user": 1,
        "content_type": 38,
        "object_id": "1",
        "object_repr": "Ibuprofeno 400mg",
        "action_flag": 2,
        "change_message": "[{\"changed\": {\"fields\": [\"Detalles\"]}}]"
    }
},
{
    "model": "admin.logentry",
    "pk": 55,
    "fields": {
        "action_time": "2024-03-09T23:36:46.022Z",
        "user": 1,
        "content_type": 38,
        "object_id": "1",
        "object_repr": "Ibuprofeno 400mg",
        "action_flag": 2,
        "change_message": "[{\"changed\": {\"fields\": [\"Detalles\"]}}]"
    }
},
{
    "model": "admin.logentry",
    "pk": 56,
    "fields": {
        "action_time": "2024-03-09T23:53:23.041Z",
        "user": 1,
        "content_type": 38,
        "object_id": "1",
        "object_repr": "Ibuprofeno 400mg",
        "action_flag": 2,
        "change_message": "[{\"changed\": {\"fields\": [\"Modo de uso\"]}}]"
    }
},
{
    "model": "admin.logentry",
    "pk": 57,
    "fields": {
        "action_time": "2024-03-10T00:04:58.149Z",
        "user": 1,
        "content_type": 38,
        "object_id": "2",
        "object_repr": "Omeprazol 20mg",
        "action_flag": 2,
        "change_message": "[{\"changed\": {\"fields\": [\"Detalles\", \"Composicion\", \"Modo de uso\"]}}]"
    }
},
{
    "model": "admin.logentry",
    "pk": 58,
    "fields": {
        "action_time": "2024-03-10T00:08:35.719Z",
        "user": 1,
        "content_type": 38,
        "object_id": "3",
        "object_repr": "Paracetamol 500mg",
        "action_flag": 2,
        "change_message": "[{\"changed\": {\"fields\": [\"Detalles\", \"Composicion\", \"Modo de uso\"]}}]"
    }
},
{
    "model": "admin.logentry",
    "pk": 59,
    "fields": {
        "action_time": "2024-03-10T00:10:12.164Z",
        "user": 1,
        "content_type": 38,
        "object_id": "3",
        "object_repr": "Paracetamol 500mg",
        "action_flag": 2,
        "change_message": "[{\"changed\": {\"fields\": [\"Composicion\", \"Modo de uso\"]}}]"
    }
},
{
    "model": "admin.logentry",
    "pk": 60,
    "fields": {
        "action_time": "2024-03-10T00:28:28.724Z",
        "user": 1,
        "content_type": 38,
        "object_id": "4",
        "object_repr": "Loratadina 10mg",
        "action_flag": 2,
        "change_message": "[{\"changed\": {\"fields\": [\"Detalles\", \"Composicion\", \"Modo de uso\"]}}]"
    }
},
{
    "model": "admin.logentry",
    "pk": 61,
    "fields": {
        "action_time": "2024-03-10T00:33:14.314Z",
        "user": 1,
        "content_type": 38,
        "object_id": "5",
        "object_repr": "Clorhexidina en enjuague bucal",
        "action_flag": 2,
        "change_message": "[{\"changed\": {\"fields\": [\"Detalles\", \"Composicion\", \"Modo de uso\"]}}]"
    }
},
{
    "model": "admin.logentry",
    "pk": 62,
    "fields": {
        "action_time": "2024-03-10T00:36:22.728Z",
        "user": 1,
        "content_type": 38,
        "object_id": "6",
        "object_repr": "Simvastatina 20mg",
        "action_flag": 2,
        "change_message": "[{\"changed\": {\"fields\": [\"Detalles\", \"Composicion\", \"Modo de uso\"]}}]"
    }
},
{
    "model": "admin.logentry",
    "pk": 63,
    "fields": {
        "action_time": "2024-03-10T00:39:47.813Z",
        "user": 1,
        "content_type": 38,
        "object_id": "10",
        "object_repr": "Crema de hidrocortisona 1%",
        "action_flag": 2,
        "change_message": "[{\"changed\": {\"fields\": [\"Detalles\", \"Composicion\", \"Modo de uso\"]}}]"
    }
},
{
    "model": "admin.logentry",
    "pk": 64,
    "fields": {
        "action_time": "2024-03-10T00:42:07.501Z",
        "user": 1,
        "content_type": 38,
        "object_id": "9",
        "object_repr": "Multivitamínico Centrum",
        "action_flag": 2,
        "change_message": "[{\"changed\": {\"fields\": [\"Detalles\", \"Composicion\", \"Modo de uso\"]}}]"
    }
},
{
    "model": "admin.logentry",
    "pk": 65,
    "fields": {
        "action_time": "2024-03-10T00:44:10.733Z",
        "user": 1,
        "content_type": 38,
        "object_id": "8",
        "object_repr": "Ranitidina 150mg",
        "action_flag": 2,
        "change_message": "[{\"changed\": {\"fields\": [\"Detalles\", \"Composicion\", \"Modo de uso\"]}}]"
    }
},
{
    "model": "admin.logentry",
    "pk": 66,
    "fields": {
        "action_time": "2024-03-10T00:48:38.017Z",
        "user": 1,
        "content_type": 38,
        "object_id": "7",
        "object_repr": "Salbutamol (Ventolin) inhalador",
        "action_flag": 2,
        "change_message": "[{\"changed\": {\"fields\": [\"Detalles\", \"Composicion\", \"Modo de uso\"]}}]"
    }
},
{
    "model": "admin.logentry",
    "pk": 67,
    "fields": {
        "action_time": "2024-03-10T00:49:13.408Z",
        "user": 1,
        "content_type": 38,
        "object_id": "6",
        "object_repr": "Simvastatina 20mg",
        "action_flag": 2,
        "change_message": "[]"
    }
},
{
    "model": "admin.logentry",
    "pk": 68,
    "fields": {
        "action_time": "2024-03-10T00:49:15.855Z",
        "user": 1,
        "content_type": 38,
        "object_id": "5",
        "object_repr": "Clorhexidina en enjuague bucal",
        "action_flag": 2,
        "change_message": "[]"
    }
},
{
    "model": "admin.logentry",
    "pk": 69,
    "fields": {
        "action_time": "2024-03-10T00:49:18.662Z",
        "user": 1,
        "content_type": 38,
        "object_id": "4",
        "object_repr": "Loratadina 10mg",
        "action_flag": 2,
        "change_message": "[]"
    }
},
{
    "model": "admin.logentry",
    "pk": 70,
    "fields": {
        "action_time": "2024-03-10T02:36:32.542Z",
        "user": 1,
        "content_type": 39,
        "object_id": "1",
        "object_repr": "Tratamiento object (1)",
        "action_flag": 1,
        "change_message": "[{\"added\": {}}]"
    }
},
{
    "model": "auth.permission",
    "pk": 1,
    "fields": {
        "name": "Can add log entry",
        "content_type": 1,
        "codename": "add_logentry"
    }
},
{
    "model": "auth.permission",
    "pk": 2,
    "fields": {
        "name": "Can change log entry",
        "content_type": 1,
        "codename": "change_logentry"
    }
},
{
    "model": "auth.permission",
    "pk": 3,
    "fields": {
        "name": "Can delete log entry",
        "content_type": 1,
        "codename": "delete_logentry"
    }
},
{
    "model": "auth.permission",
    "pk": 4,
    "fields": {
        "name": "Can view log entry",
        "content_type": 1,
        "codename": "view_logentry"
    }
},
{
    "model": "auth.permission",
    "pk": 5,
    "fields": {
        "name": "Can add permission",
        "content_type": 2,
        "codename": "add_permission"
    }
},
{
    "model": "auth.permission",
    "pk": 6,
    "fields": {
        "name": "Can change permission",
        "content_type": 2,
        "codename": "change_permission"
    }
},
{
    "model": "auth.permission",
    "pk": 7,
    "fields": {
        "name": "Can delete permission",
        "content_type": 2,
        "codename": "delete_permission"
    }
},
{
    "model": "auth.permission",
    "pk": 8,
    "fields": {
        "name": "Can view permission",
        "content_type": 2,
        "codename": "view_permission"
    }
},
{
    "model": "auth.permission",
    "pk": 9,
    "fields": {
        "name": "Can add group",
        "content_type": 3,
        "codename": "add_group"
    }
},
{
    "model": "auth.permission",
    "pk": 10,
    "fields": {
        "name": "Can change group",
        "content_type": 3,
        "codename": "change_group"
    }
},
{
    "model": "auth.permission",
    "pk": 11,
    "fields": {
        "name": "Can delete group",
        "content_type": 3,
        "codename": "delete_group"
    }
},
{
    "model": "auth.permission",
    "pk": 12,
    "fields": {
        "name": "Can view group",
        "content_type": 3,
        "codename": "view_group"
    }
},
{
    "model": "auth.permission",
    "pk": 13,
    "fields": {
        "name": "Can add content type",
        "content_type": 4,
        "codename": "add_contenttype"
    }
},
{
    "model": "auth.permission",
    "pk": 14,
    "fields": {
        "name": "Can change content type",
        "content_type": 4,
        "codename": "change_contenttype"
    }
},
{
    "model": "auth.permission",
    "pk": 15,
    "fields": {
        "name": "Can delete content type",
        "content_type": 4,
        "codename": "delete_contenttype"
    }
},
{
    "model": "auth.permission",
    "pk": 16,
    "fields": {
        "name": "Can view content type",
        "content_type": 4,
        "codename": "view_contenttype"
    }
},
{
    "model": "auth.permission",
    "pk": 17,
    "fields": {
        "name": "Can add session",
        "content_type": 5,
        "codename": "add_session"
    }
},
{
    "model": "auth.permission",
    "pk": 18,
    "fields": {
        "name": "Can change session",
        "content_type": 5,
        "codename": "change_session"
    }
},
{
    "model": "auth.permission",
    "pk": 19,
    "fields": {
        "name": "Can delete session",
        "content_type": 5,
        "codename": "delete_session"
    }
},
{
    "model": "auth.permission",
    "pk": 20,
    "fields": {
        "name": "Can view session",
        "content_type": 5,
        "codename": "view_session"
    }
},
{
    "model": "auth.permission",
    "pk": 21,
    "fields": {
        "name": "Can add cliente",
        "content_type": 6,
        "codename": "add_cliente"
    }
},
{
    "model": "auth.permission",
    "pk": 22,
    "fields": {
        "name": "Can change cliente",
        "content_type": 6,
        "codename": "change_cliente"
    }
},
{
    "model": "auth.permission",
    "pk": 23,
    "fields": {
        "name": "Can delete cliente",
        "content_type": 6,
        "codename": "delete_cliente"
    }
},
{
    "model": "auth.permission",
    "pk": 24,
    "fields": {
        "name": "Can view cliente",
        "content_type": 6,
        "codename": "view_cliente"
    }
},
{
    "model": "auth.permission",
    "pk": 25,
    "fields": {
        "name": "Can add compra",
        "content_type": 7,
        "codename": "add_compra"
    }
},
{
    "model": "auth.permission",
    "pk": 26,
    "fields": {
        "name": "Can change compra",
        "content_type": 7,
        "codename": "change_compra"
    }
},
{
    "model": "auth.permission",
    "pk": 27,
    "fields": {
        "name": "Can delete compra",
        "content_type": 7,
        "codename": "delete_compra"
    }
},
{
    "model": "auth.permission",
    "pk": 28,
    "fields": {
        "name": "Can view compra",
        "content_type": 7,
        "codename": "view_compra"
    }
},
{
    "model": "auth.permission",
    "pk": 29,
    "fields": {
        "name": "Can add farmacia",
        "content_type": 8,
        "codename": "add_farmacia"
    }
},
{
    "model": "auth.permission",
    "pk": 30,
    "fields": {
        "name": "Can change farmacia",
        "content_type": 8,
        "codename": "change_farmacia"
    }
},
{
    "model": "auth.permission",
    "pk": 31,
    "fields": {
        "name": "Can delete farmacia",
        "content_type": 8,
        "codename": "delete_farmacia"
    }
},
{
    "model": "auth.permission",
    "pk": 32,
    "fields": {
        "name": "Can view farmacia",
        "content_type": 8,
        "codename": "view_farmacia"
    }
},
{
    "model": "auth.permission",
    "pk": 33,
    "fields": {
        "name": "Can add producto",
        "content_type": 9,
        "codename": "add_producto"
    }
},
{
    "model": "auth.permission",
    "pk": 34,
    "fields": {
        "name": "Can change producto",
        "content_type": 9,
        "codename": "change_producto"
    }
},
{
    "model": "auth.permission",
    "pk": 35,
    "fields": {
        "name": "Can delete producto",
        "content_type": 9,
        "codename": "delete_producto"
    }
},
{
    "model": "auth.permission",
    "pk": 36,
    "fields": {
        "name": "Can view producto",
        "content_type": 9,
        "codename": "view_producto"
    }
},
{
    "model": "auth.permission",
    "pk": 37,
    "fields": {
        "name": "Can add proveedor",
        "content_type": 10,
        "codename": "add_proveedor"
    }
},
{
    "model": "auth.permission",
    "pk": 38,
    "fields": {
        "name": "Can change proveedor",
        "content_type": 10,
        "codename": "change_proveedor"
    }
},
{
    "model": "auth.permission",
    "pk": 39,
    "fields": {
        "name": "Can delete proveedor",
        "content_type": 10,
        "codename": "delete_proveedor"
    }
},
{
    "model": "auth.permission",
    "pk": 40,
    "fields": {
        "name": "Can view proveedor",
        "content_type": 10,
        "codename": "view_proveedor"
    }
},
{
    "model": "auth.permission",
    "pk": 41,
    "fields": {
        "name": "Can add uploaded file",
        "content_type": 11,
        "codename": "add_uploadedfile"
    }
},
{
    "model": "auth.permission",
    "pk": 42,
    "fields": {
        "name": "Can change uploaded file",
        "content_type": 11,
        "codename": "change_uploadedfile"
    }
},
{
    "model": "auth.permission",
    "pk": 43,
    "fields": {
        "name": "Can delete uploaded file",
        "content_type": 11,
        "codename": "delete_uploadedfile"
    }
},
{
    "model": "auth.permission",
    "pk": 44,
    "fields": {
        "name": "Can view uploaded file",
        "content_type": 11,
        "codename": "view_uploadedfile"
    }
},
{
    "model": "auth.permission",
    "pk": 45,
    "fields": {
        "name": "Can add user",
        "content_type": 12,
        "codename": "add_usuario"
    }
},
{
    "model": "auth.permission",
    "pk": 46,
    "fields": {
        "name": "Can change user",
        "content_type": 12,
        "codename": "change_usuario"
    }
},
{
    "model": "auth.permission",
    "pk": 47,
    "fields": {
        "name": "Can delete user",
        "content_type": 12,
        "codename": "delete_usuario"
    }
},
{
    "model": "auth.permission",
    "pk": 48,
    "fields": {
        "name": "Can view user",
        "content_type": 12,
        "codename": "view_usuario"
    }
},
{
    "model": "auth.permission",
    "pk": 49,
    "fields": {
        "name": "Can add votacion",
        "content_type": 13,
        "codename": "add_votacion"
    }
},
{
    "model": "auth.permission",
    "pk": 50,
    "fields": {
        "name": "Can change votacion",
        "content_type": 13,
        "codename": "change_votacion"
    }
},
{
    "model": "auth.permission",
    "pk": 51,
    "fields": {
        "name": "Can delete votacion",
        "content_type": 13,
        "codename": "delete_votacion"
    }
},
{
    "model": "auth.permission",
    "pk": 52,
    "fields": {
        "name": "Can view votacion",
        "content_type": 13,
        "codename": "view_votacion"
    }
},
{
    "model": "auth.permission",
    "pk": 53,
    "fields": {
        "name": "Can add suministro producto",
        "content_type": 14,
        "codename": "add_suministroproducto"
    }
},
{
    "model": "auth.permission",
    "pk": 54,
    "fields": {
        "name": "Can change suministro producto",
        "content_type": 14,
        "codename": "change_suministroproducto"
    }
},
{
    "model": "auth.permission",
    "pk": 55,
    "fields": {
        "name": "Can delete suministro producto",
        "content_type": 14,
        "codename": "delete_suministroproducto"
    }
},
{
    "model": "auth.permission",
    "pk": 56,
    "fields": {
        "name": "Can view suministro producto",
        "content_type": 14,
        "codename": "view_suministroproducto"
    }
},
{
    "model": "auth.permission",
    "pk": 57,
    "fields": {
        "name": "Can add subscripcion",
        "content_type": 15,
        "codename": "add_subscripcion"
    }
},
{
    "model": "auth.permission",
    "pk": 58,
    "fields": {
        "name": "Can change subscripcion",
        "content_type": 15,
        "codename": "change_subscripcion"
    }
},
{
    "model": "auth.permission",
    "pk": 59,
    "fields": {
        "name": "Can delete subscripcion",
        "content_type": 15,
        "codename": "delete_subscripcion"
    }
},
{
    "model": "auth.permission",
    "pk": 60,
    "fields": {
        "name": "Can view subscripcion",
        "content_type": 15,
        "codename": "view_subscripcion"
    }
},
{
    "model": "auth.permission",
    "pk": 61,
    "fields": {
        "name": "Can add promocion",
        "content_type": 16,
        "codename": "add_promocion"
    }
},
{
    "model": "auth.permission",
    "pk": 62,
    "fields": {
        "name": "Can change promocion",
        "content_type": 16,
        "codename": "change_promocion"
    }
},
{
    "model": "auth.permission",
    "pk": 63,
    "fields": {
        "name": "Can delete promocion",
        "content_type": 16,
        "codename": "delete_promocion"
    }
},
{
    "model": "auth.permission",
    "pk": 64,
    "fields": {
        "name": "Can view promocion",
        "content_type": 16,
        "codename": "view_promocion"
    }
},
{
    "model": "auth.permission",
    "pk": 65,
    "fields": {
        "name": "Can add pago",
        "content_type": 17,
        "codename": "add_pago"
    }
},
{
    "model": "auth.permission",
    "pk": 66,
    "fields": {
        "name": "Can change pago",
        "content_type": 17,
        "codename": "change_pago"
    }
},
{
    "model": "auth.permission",
    "pk": 67,
    "fields": {
        "name": "Can delete pago",
        "content_type": 17,
        "codename": "delete_pago"
    }
},
{
    "model": "auth.permission",
    "pk": 68,
    "fields": {
        "name": "Can view pago",
        "content_type": 17,
        "codename": "view_pago"
    }
},
{
    "model": "auth.permission",
    "pk": 69,
    "fields": {
        "name": "Can add historial cliente",
        "content_type": 18,
        "codename": "add_historialcliente"
    }
},
{
    "model": "auth.permission",
    "pk": 70,
    "fields": {
        "name": "Can change historial cliente",
        "content_type": 18,
        "codename": "change_historialcliente"
    }
},
{
    "model": "auth.permission",
    "pk": 71,
    "fields": {
        "name": "Can delete historial cliente",
        "content_type": 18,
        "codename": "delete_historialcliente"
    }
},
{
    "model": "auth.permission",
    "pk": 72,
    "fields": {
        "name": "Can view historial cliente",
        "content_type": 18,
        "codename": "view_historialcliente"
    }
},
{
    "model": "auth.permission",
    "pk": 73,
    "fields": {
        "name": "Can add gerente",
        "content_type": 19,
        "codename": "add_gerente"
    }
},
{
    "model": "auth.permission",
    "pk": 74,
    "fields": {
        "name": "Can change gerente",
        "content_type": 19,
        "codename": "change_gerente"
    }
},
{
    "model": "auth.permission",
    "pk": 75,
    "fields": {
        "name": "Can delete gerente",
        "content_type": 19,
        "codename": "delete_gerente"
    }
},
{
    "model": "auth.permission",
    "pk": 76,
    "fields": {
        "name": "Can view gerente",
        "content_type": 19,
        "codename": "view_gerente"
    }
},
{
    "model": "auth.permission",
    "pk": 77,
    "fields": {
        "name": "Can add empleado",
        "content_type": 20,
        "codename": "add_empleado"
    }
},
{
    "model": "auth.permission",
    "pk": 78,
    "fields": {
        "name": "Can change empleado",
        "content_type": 20,
        "codename": "change_empleado"
    }
},
{
    "model": "auth.permission",
    "pk": 79,
    "fields": {
        "name": "Can delete empleado",
        "content_type": 20,
        "codename": "delete_empleado"
    }
},
{
    "model": "auth.permission",
    "pk": 80,
    "fields": {
        "name": "Can view empleado",
        "content_type": 20,
        "codename": "view_empleado"
    }
},
{
    "model": "auth.permission",
    "pk": 81,
    "fields": {
        "name": "Can add detalle producto",
        "content_type": 21,
        "codename": "add_detalleproducto"
    }
},
{
    "model": "auth.permission",
    "pk": 82,
    "fields": {
        "name": "Can change detalle producto",
        "content_type": 21,
        "codename": "change_detalleproducto"
    }
},
{
    "model": "auth.permission",
    "pk": 83,
    "fields": {
        "name": "Can delete detalle producto",
        "content_type": 21,
        "codename": "delete_detalleproducto"
    }
},
{
    "model": "auth.permission",
    "pk": 84,
    "fields": {
        "name": "Can view detalle producto",
        "content_type": 21,
        "codename": "view_detalleproducto"
    }
},
{
    "model": "auth.permission",
    "pk": 85,
    "fields": {
        "name": "Can add detalle compra",
        "content_type": 22,
        "codename": "add_detallecompra"
    }
},
{
    "model": "auth.permission",
    "pk": 86,
    "fields": {
        "name": "Can change detalle compra",
        "content_type": 22,
        "codename": "change_detallecompra"
    }
},
{
    "model": "auth.permission",
    "pk": 87,
    "fields": {
        "name": "Can delete detalle compra",
        "content_type": 22,
        "codename": "delete_detallecompra"
    }
},
{
    "model": "auth.permission",
    "pk": 88,
    "fields": {
        "name": "Can view detalle compra",
        "content_type": 22,
        "codename": "view_detallecompra"
    }
},
{
    "model": "auth.permission",
    "pk": 89,
    "fields": {
        "name": "Can add datos farmacia",
        "content_type": 23,
        "codename": "add_datosfarmacia"
    }
},
{
    "model": "auth.permission",
    "pk": 90,
    "fields": {
        "name": "Can change datos farmacia",
        "content_type": 23,
        "codename": "change_datosfarmacia"
    }
},
{
    "model": "auth.permission",
    "pk": 91,
    "fields": {
        "name": "Can delete datos farmacia",
        "content_type": 23,
        "codename": "delete_datosfarmacia"
    }
},
{
    "model": "auth.permission",
    "pk": 92,
    "fields": {
        "name": "Can view datos farmacia",
        "content_type": 23,
        "codename": "view_datosfarmacia"
    }
},
{
    "model": "auth.permission",
    "pk": 93,
    "fields": {
        "name": "Can add administrador",
        "content_type": 24,
        "codename": "add_administrador"
    }
},
{
    "model": "auth.permission",
    "pk": 94,
    "fields": {
        "name": "Can change administrador",
        "content_type": 24,
        "codename": "change_administrador"
    }
},
{
    "model": "auth.permission",
    "pk": 95,
    "fields": {
        "name": "Can delete administrador",
        "content_type": 24,
        "codename": "delete_administrador"
    }
},
{
    "model": "auth.permission",
    "pk": 96,
    "fields": {
        "name": "Can view administrador",
        "content_type": 24,
        "codename": "view_administrador"
    }
},
{
    "model": "auth.permission",
    "pk": 97,
    "fields": {
        "name": "Can add application",
        "content_type": 25,
        "codename": "add_application"
    }
},
{
    "model": "auth.permission",
    "pk": 98,
    "fields": {
        "name": "Can change application",
        "content_type": 25,
        "codename": "change_application"
    }
},
{
    "model": "auth.permission",
    "pk": 99,
    "fields": {
        "name": "Can delete application",
        "content_type": 25,
        "codename": "delete_application"
    }
},
{
    "model": "auth.permission",
    "pk": 100,
    "fields": {
        "name": "Can view application",
        "content_type": 25,
        "codename": "view_application"
    }
},
{
    "model": "auth.permission",
    "pk": 101,
    "fields": {
        "name": "Can add access token",
        "content_type": 26,
        "codename": "add_accesstoken"
    }
},
{
    "model": "auth.permission",
    "pk": 102,
    "fields": {
        "name": "Can change access token",
        "content_type": 26,
        "codename": "change_accesstoken"
    }
},
{
    "model": "auth.permission",
    "pk": 103,
    "fields": {
        "name": "Can delete access token",
        "content_type": 26,
        "codename": "delete_accesstoken"
    }
},
{
    "model": "auth.permission",
    "pk": 104,
    "fields": {
        "name": "Can view access token",
        "content_type": 26,
        "codename": "view_accesstoken"
    }
},
{
    "model": "auth.permission",
    "pk": 105,
    "fields": {
        "name": "Can add grant",
        "content_type": 27,
        "codename": "add_grant"
    }
},
{
    "model": "auth.permission",
    "pk": 106,
    "fields": {
        "name": "Can change grant",
        "content_type": 27,
        "codename": "change_grant"
    }
},
{
    "model": "auth.permission",
    "pk": 107,
    "fields": {
        "name": "Can delete grant",
        "content_type": 27,
        "codename": "delete_grant"
    }
},
{
    "model": "auth.permission",
    "pk": 108,
    "fields": {
        "name": "Can view grant",
        "content_type": 27,
        "codename": "view_grant"
    }
},
{
    "model": "auth.permission",
    "pk": 109,
    "fields": {
        "name": "Can add refresh token",
        "content_type": 28,
        "codename": "add_refreshtoken"
    }
},
{
    "model": "auth.permission",
    "pk": 110,
    "fields": {
        "name": "Can change refresh token",
        "content_type": 28,
        "codename": "change_refreshtoken"
    }
},
{
    "model": "auth.permission",
    "pk": 111,
    "fields": {
        "name": "Can delete refresh token",
        "content_type": 28,
        "codename": "delete_refreshtoken"
    }
},
{
    "model": "auth.permission",
    "pk": 112,
    "fields": {
        "name": "Can view refresh token",
        "content_type": 28,
        "codename": "view_refreshtoken"
    }
},
{
    "model": "auth.permission",
    "pk": 113,
    "fields": {
        "name": "Can add id token",
        "content_type": 29,
        "codename": "add_idtoken"
    }
},
{
    "model": "auth.permission",
    "pk": 114,
    "fields": {
        "name": "Can change id token",
        "content_type": 29,
        "codename": "change_idtoken"
    }
},
{
    "model": "auth.permission",
    "pk": 115,
    "fields": {
        "name": "Can delete id token",
        "content_type": 29,
        "codename": "delete_idtoken"
    }
},
{
    "model": "auth.permission",
    "pk": 116,
    "fields": {
        "name": "Can view id token",
        "content_type": 29,
        "codename": "view_idtoken"
    }
},
{
    "model": "auth.permission",
    "pk": 117,
    "fields": {
        "name": "Can add site",
        "content_type": 30,
        "codename": "add_site"
    }
},
{
    "model": "auth.permission",
    "pk": 118,
    "fields": {
        "name": "Can change site",
        "content_type": 30,
        "codename": "change_site"
    }
},
{
    "model": "auth.permission",
    "pk": 119,
    "fields": {
        "name": "Can delete site",
        "content_type": 30,
        "codename": "delete_site"
    }
},
{
    "model": "auth.permission",
    "pk": 120,
    "fields": {
        "name": "Can view site",
        "content_type": 30,
        "codename": "view_site"
    }
},
{
    "model": "auth.permission",
    "pk": 121,
    "fields": {
        "name": "Can add email address",
        "content_type": 31,
        "codename": "add_emailaddress"
    }
},
{
    "model": "auth.permission",
    "pk": 122,
    "fields": {
        "name": "Can change email address",
        "content_type": 31,
        "codename": "change_emailaddress"
    }
},
{
    "model": "auth.permission",
    "pk": 123,
    "fields": {
        "name": "Can delete email address",
        "content_type": 31,
        "codename": "delete_emailaddress"
    }
},
{
    "model": "auth.permission",
    "pk": 124,
    "fields": {
        "name": "Can view email address",
        "content_type": 31,
        "codename": "view_emailaddress"
    }
},
{
    "model": "auth.permission",
    "pk": 125,
    "fields": {
        "name": "Can add email confirmation",
        "content_type": 32,
        "codename": "add_emailconfirmation"
    }
},
{
    "model": "auth.permission",
    "pk": 126,
    "fields": {
        "name": "Can change email confirmation",
        "content_type": 32,
        "codename": "change_emailconfirmation"
    }
},
{
    "model": "auth.permission",
    "pk": 127,
    "fields": {
        "name": "Can delete email confirmation",
        "content_type": 32,
        "codename": "delete_emailconfirmation"
    }
},
{
    "model": "auth.permission",
    "pk": 128,
    "fields": {
        "name": "Can view email confirmation",
        "content_type": 32,
        "codename": "view_emailconfirmation"
    }
},
{
    "model": "auth.permission",
    "pk": 129,
    "fields": {
        "name": "Can add social account",
        "content_type": 33,
        "codename": "add_socialaccount"
    }
},
{
    "model": "auth.permission",
    "pk": 130,
    "fields": {
        "name": "Can change social account",
        "content_type": 33,
        "codename": "change_socialaccount"
    }
},
{
    "model": "auth.permission",
    "pk": 131,
    "fields": {
        "name": "Can delete social account",
        "content_type": 33,
        "codename": "delete_socialaccount"
    }
},
{
    "model": "auth.permission",
    "pk": 132,
    "fields": {
        "name": "Can view social account",
        "content_type": 33,
        "codename": "view_socialaccount"
    }
},
{
    "model": "auth.permission",
    "pk": 133,
    "fields": {
        "name": "Can add social application",
        "content_type": 34,
        "codename": "add_socialapp"
    }
},
{
    "model": "auth.permission",
    "pk": 134,
    "fields": {
        "name": "Can change social application",
        "content_type": 34,
        "codename": "change_socialapp"
    }
},
{
    "model": "auth.permission",
    "pk": 135,
    "fields": {
        "name": "Can delete social application",
        "content_type": 34,
        "codename": "delete_socialapp"
    }
},
{
    "model": "auth.permission",
    "pk": 136,
    "fields": {
        "name": "Can view social application",
        "content_type": 34,
        "codename": "view_socialapp"
    }
},
{
    "model": "auth.permission",
    "pk": 137,
    "fields": {
        "name": "Can add social application token",
        "content_type": 35,
        "codename": "add_socialtoken"
    }
},
{
    "model": "auth.permission",
    "pk": 138,
    "fields": {
        "name": "Can change social application token",
        "content_type": 35,
        "codename": "change_socialtoken"
    }
},
{
    "model": "auth.permission",
    "pk": 139,
    "fields": {
        "name": "Can delete social application token",
        "content_type": 35,
        "codename": "delete_socialtoken"
    }
},
{
    "model": "auth.permission",
    "pk": 140,
    "fields": {
        "name": "Can view social application token",
        "content_type": 35,
        "codename": "view_socialtoken"
    }
},
{
    "model": "auth.permission",
    "pk": 141,
    "fields": {
        "name": "Can add social application token",
        "content_type": 36,
        "codename": "add_socialtoken"
    }
},
{
    "model": "auth.permission",
    "pk": 142,
    "fields": {
        "name": "Can change social application token",
        "content_type": 36,
        "codename": "change_socialtoken"
    }
},
{
    "model": "auth.permission",
    "pk": 143,
    "fields": {
        "name": "Can delete social application token",
        "content_type": 36,
        "codename": "delete_socialtoken"
    }
},
{
    "model": "auth.permission",
    "pk": 144,
    "fields": {
        "name": "Can view social application token",
        "content_type": 36,
        "codename": "view_socialtoken"
    }
},
{
    "model": "auth.permission",
    "pk": 145,
    "fields": {
        "name": "Can add carrito compra",
        "content_type": 24,
        "codename": "add_carritocompra"
    }
},
{
    "model": "auth.permission",
    "pk": 146,
    "fields": {
        "name": "Can change carrito compra",
        "content_type": 24,
        "codename": "change_carritocompra"
    }
},
{
    "model": "auth.permission",
    "pk": 147,
    "fields": {
        "name": "Can delete carrito compra",
        "content_type": 24,
        "codename": "delete_carritocompra"
    }
},
{
    "model": "auth.permission",
    "pk": 148,
    "fields": {
        "name": "Can view carrito compra",
        "content_type": 24,
        "codename": "view_carritocompra"
    }
},
{
    "model": "auth.permission",
    "pk": 149,
    "fields": {
        "name": "Can add administrador",
        "content_type": 25,
        "codename": "add_administrador"
    }
},
{
    "model": "auth.permission",
    "pk": 150,
    "fields": {
        "name": "Can change administrador",
        "content_type": 25,
        "codename": "change_administrador"
    }
},
{
    "model": "auth.permission",
    "pk": 151,
    "fields": {
        "name": "Can delete administrador",
        "content_type": 25,
        "codename": "delete_administrador"
    }
},
{
    "model": "auth.permission",
    "pk": 152,
    "fields": {
        "name": "Can view administrador",
        "content_type": 25,
        "codename": "view_administrador"
    }
},
{
    "model": "auth.permission",
    "pk": 153,
    "fields": {
        "name": "Can add application",
        "content_type": 26,
        "codename": "add_application"
    }
},
{
    "model": "auth.permission",
    "pk": 154,
    "fields": {
        "name": "Can change application",
        "content_type": 26,
        "codename": "change_application"
    }
},
{
    "model": "auth.permission",
    "pk": 155,
    "fields": {
        "name": "Can delete application",
        "content_type": 26,
        "codename": "delete_application"
    }
},
{
    "model": "auth.permission",
    "pk": 156,
    "fields": {
        "name": "Can view application",
        "content_type": 26,
        "codename": "view_application"
    }
},
{
    "model": "auth.permission",
    "pk": 157,
    "fields": {
        "name": "Can add access token",
        "content_type": 27,
        "codename": "add_accesstoken"
    }
},
{
    "model": "auth.permission",
    "pk": 158,
    "fields": {
        "name": "Can change access token",
        "content_type": 27,
        "codename": "change_accesstoken"
    }
},
{
    "model": "auth.permission",
    "pk": 159,
    "fields": {
        "name": "Can delete access token",
        "content_type": 27,
        "codename": "delete_accesstoken"
    }
},
{
    "model": "auth.permission",
    "pk": 160,
    "fields": {
        "name": "Can view access token",
        "content_type": 27,
        "codename": "view_accesstoken"
    }
},
{
    "model": "auth.permission",
    "pk": 161,
    "fields": {
        "name": "Can add grant",
        "content_type": 28,
        "codename": "add_grant"
    }
},
{
    "model": "auth.permission",
    "pk": 162,
    "fields": {
        "name": "Can change grant",
        "content_type": 28,
        "codename": "change_grant"
    }
},
{
    "model": "auth.permission",
    "pk": 163,
    "fields": {
        "name": "Can delete grant",
        "content_type": 28,
        "codename": "delete_grant"
    }
},
{
    "model": "auth.permission",
    "pk": 164,
    "fields": {
        "name": "Can view grant",
        "content_type": 28,
        "codename": "view_grant"
    }
},
{
    "model": "auth.permission",
    "pk": 165,
    "fields": {
        "name": "Can add refresh token",
        "content_type": 29,
        "codename": "add_refreshtoken"
    }
},
{
    "model": "auth.permission",
    "pk": 166,
    "fields": {
        "name": "Can change refresh token",
        "content_type": 29,
        "codename": "change_refreshtoken"
    }
},
{
    "model": "auth.permission",
    "pk": 167,
    "fields": {
        "name": "Can delete refresh token",
        "content_type": 29,
        "codename": "delete_refreshtoken"
    }
},
{
    "model": "auth.permission",
    "pk": 168,
    "fields": {
        "name": "Can view refresh token",
        "content_type": 29,
        "codename": "view_refreshtoken"
    }
},
{
    "model": "auth.permission",
    "pk": 169,
    "fields": {
        "name": "Can add id token",
        "content_type": 30,
        "codename": "add_idtoken"
    }
},
{
    "model": "auth.permission",
    "pk": 170,
    "fields": {
        "name": "Can change id token",
        "content_type": 30,
        "codename": "change_idtoken"
    }
},
{
    "model": "auth.permission",
    "pk": 171,
    "fields": {
        "name": "Can delete id token",
        "content_type": 30,
        "codename": "delete_idtoken"
    }
},
{
    "model": "auth.permission",
    "pk": 172,
    "fields": {
        "name": "Can view id token",
        "content_type": 30,
        "codename": "view_idtoken"
    }
},
{
    "model": "auth.permission",
    "pk": 173,
    "fields": {
        "name": "Can add site",
        "content_type": 31,
        "codename": "add_site"
    }
},
{
    "model": "auth.permission",
    "pk": 174,
    "fields": {
        "name": "Can change site",
        "content_type": 31,
        "codename": "change_site"
    }
},
{
    "model": "auth.permission",
    "pk": 175,
    "fields": {
        "name": "Can delete site",
        "content_type": 31,
        "codename": "delete_site"
    }
},
{
    "model": "auth.permission",
    "pk": 176,
    "fields": {
        "name": "Can view site",
        "content_type": 31,
        "codename": "view_site"
    }
},
{
    "model": "auth.permission",
    "pk": 177,
    "fields": {
        "name": "Can add email address",
        "content_type": 32,
        "codename": "add_emailaddress"
    }
},
{
    "model": "auth.permission",
    "pk": 178,
    "fields": {
        "name": "Can change email address",
        "content_type": 32,
        "codename": "change_emailaddress"
    }
},
{
    "model": "auth.permission",
    "pk": 179,
    "fields": {
        "name": "Can delete email address",
        "content_type": 32,
        "codename": "delete_emailaddress"
    }
},
{
    "model": "auth.permission",
    "pk": 180,
    "fields": {
        "name": "Can view email address",
        "content_type": 32,
        "codename": "view_emailaddress"
    }
},
{
    "model": "auth.permission",
    "pk": 181,
    "fields": {
        "name": "Can add email confirmation",
        "content_type": 33,
        "codename": "add_emailconfirmation"
    }
},
{
    "model": "auth.permission",
    "pk": 182,
    "fields": {
        "name": "Can change email confirmation",
        "content_type": 33,
        "codename": "change_emailconfirmation"
    }
},
{
    "model": "auth.permission",
    "pk": 183,
    "fields": {
        "name": "Can delete email confirmation",
        "content_type": 33,
        "codename": "delete_emailconfirmation"
    }
},
{
    "model": "auth.permission",
    "pk": 184,
    "fields": {
        "name": "Can view email confirmation",
        "content_type": 33,
        "codename": "view_emailconfirmation"
    }
},
{
    "model": "auth.permission",
    "pk": 185,
    "fields": {
        "name": "Can add social account",
        "content_type": 34,
        "codename": "add_socialaccount"
    }
},
{
    "model": "auth.permission",
    "pk": 186,
    "fields": {
        "name": "Can change social account",
        "content_type": 34,
        "codename": "change_socialaccount"
    }
},
{
    "model": "auth.permission",
    "pk": 187,
    "fields": {
        "name": "Can delete social account",
        "content_type": 34,
        "codename": "delete_socialaccount"
    }
},
{
    "model": "auth.permission",
    "pk": 188,
    "fields": {
        "name": "Can view social account",
        "content_type": 34,
        "codename": "view_socialaccount"
    }
},
{
    "model": "auth.permission",
    "pk": 189,
    "fields": {
        "name": "Can add social application",
        "content_type": 35,
        "codename": "add_socialapp"
    }
},
{
    "model": "auth.permission",
    "pk": 190,
    "fields": {
        "name": "Can change social application",
        "content_type": 35,
        "codename": "change_socialapp"
    }
},
{
    "model": "auth.permission",
    "pk": 191,
    "fields": {
        "name": "Can delete social application",
        "content_type": 35,
        "codename": "delete_socialapp"
    }
},
{
    "model": "auth.permission",
    "pk": 192,
    "fields": {
        "name": "Can view social application",
        "content_type": 35,
        "codename": "view_socialapp"
    }
},
{
    "model": "auth.permission",
    "pk": 193,
    "fields": {
        "name": "Can add uploaded file",
        "content_type": 12,
        "codename": "add_uploadedfile"
    }
},
{
    "model": "auth.permission",
    "pk": 194,
    "fields": {
        "name": "Can change uploaded file",
        "content_type": 12,
        "codename": "change_uploadedfile"
    }
},
{
    "model": "auth.permission",
    "pk": 195,
    "fields": {
        "name": "Can delete uploaded file",
        "content_type": 12,
        "codename": "delete_uploadedfile"
    }
},
{
    "model": "auth.permission",
    "pk": 196,
    "fields": {
        "name": "Can view uploaded file",
        "content_type": 12,
        "codename": "view_uploadedfile"
    }
},
{
    "model": "auth.permission",
    "pk": 197,
    "fields": {
        "name": "Can add suministro producto",
        "content_type": 16,
        "codename": "add_suministroproducto"
    }
},
{
    "model": "auth.permission",
    "pk": 198,
    "fields": {
        "name": "Can change suministro producto",
        "content_type": 16,
        "codename": "change_suministroproducto"
    }
},
{
    "model": "auth.permission",
    "pk": 199,
    "fields": {
        "name": "Can delete suministro producto",
        "content_type": 16,
        "codename": "delete_suministroproducto"
    }
},
{
    "model": "auth.permission",
    "pk": 200,
    "fields": {
        "name": "Can view suministro producto",
        "content_type": 16,
        "codename": "view_suministroproducto"
    }
},
{
    "model": "auth.permission",
    "pk": 201,
    "fields": {
        "name": "Can add usuario carrito",
        "content_type": 15,
        "codename": "add_usuariocarrito"
    }
},
{
    "model": "auth.permission",
    "pk": 202,
    "fields": {
        "name": "Can change usuario carrito",
        "content_type": 15,
        "codename": "change_usuariocarrito"
    }
},
{
    "model": "auth.permission",
    "pk": 203,
    "fields": {
        "name": "Can delete usuario carrito",
        "content_type": 15,
        "codename": "delete_usuariocarrito"
    }
},
{
    "model": "auth.permission",
    "pk": 204,
    "fields": {
        "name": "Can view usuario carrito",
        "content_type": 15,
        "codename": "view_usuariocarrito"
    }
},
{
    "model": "auth.permission",
    "pk": 205,
    "fields": {
        "name": "Can add historial cliente",
        "content_type": 20,
        "codename": "add_historialcliente"
    }
},
{
    "model": "auth.permission",
    "pk": 206,
    "fields": {
        "name": "Can change historial cliente",
        "content_type": 20,
        "codename": "change_historialcliente"
    }
},
{
    "model": "auth.permission",
    "pk": 207,
    "fields": {
        "name": "Can delete historial cliente",
        "content_type": 20,
        "codename": "delete_historialcliente"
    }
},
{
    "model": "auth.permission",
    "pk": 208,
    "fields": {
        "name": "Can view historial cliente",
        "content_type": 20,
        "codename": "view_historialcliente"
    }
},
{
    "model": "auth.permission",
    "pk": 209,
    "fields": {
        "name": "Can add detalle compra",
        "content_type": 24,
        "codename": "add_detallecompra"
    }
},
{
    "model": "auth.permission",
    "pk": 210,
    "fields": {
        "name": "Can change detalle compra",
        "content_type": 24,
        "codename": "change_detallecompra"
    }
},
{
    "model": "auth.permission",
    "pk": 211,
    "fields": {
        "name": "Can delete detalle compra",
        "content_type": 24,
        "codename": "delete_detallecompra"
    }
},
{
    "model": "auth.permission",
    "pk": 212,
    "fields": {
        "name": "Can view detalle compra",
        "content_type": 24,
        "codename": "view_detallecompra"
    }
},
{
    "model": "auth.permission",
    "pk": 213,
    "fields": {
        "name": "Can add votacion",
        "content_type": 14,
        "codename": "add_votacion"
    }
},
{
    "model": "auth.permission",
    "pk": 214,
    "fields": {
        "name": "Can change votacion",
        "content_type": 14,
        "codename": "change_votacion"
    }
},
{
    "model": "auth.permission",
    "pk": 215,
    "fields": {
        "name": "Can delete votacion",
        "content_type": 14,
        "codename": "delete_votacion"
    }
},
{
    "model": "auth.permission",
    "pk": 216,
    "fields": {
        "name": "Can view votacion",
        "content_type": 14,
        "codename": "view_votacion"
    }
},
{
    "model": "auth.permission",
    "pk": 217,
    "fields": {
        "name": "Can add producto",
        "content_type": 10,
        "codename": "add_producto"
    }
},
{
    "model": "auth.permission",
    "pk": 218,
    "fields": {
        "name": "Can change producto",
        "content_type": 10,
        "codename": "change_producto"
    }
},
{
    "model": "auth.permission",
    "pk": 219,
    "fields": {
        "name": "Can delete producto",
        "content_type": 10,
        "codename": "delete_producto"
    }
},
{
    "model": "auth.permission",
    "pk": 220,
    "fields": {
        "name": "Can view producto",
        "content_type": 10,
        "codename": "view_producto"
    }
},
{
    "model": "auth.permission",
    "pk": 221,
    "fields": {
        "name": "Can add prospecto",
        "content_type": 38,
        "codename": "add_prospecto"
    }
},
{
    "model": "auth.permission",
    "pk": 222,
    "fields": {
        "name": "Can change prospecto",
        "content_type": 38,
        "codename": "change_prospecto"
    }
},
{
    "model": "auth.permission",
    "pk": 223,
    "fields": {
        "name": "Can delete prospecto",
        "content_type": 38,
        "codename": "delete_prospecto"
    }
},
{
    "model": "auth.permission",
    "pk": 224,
    "fields": {
        "name": "Can view prospecto",
        "content_type": 38,
        "codename": "view_prospecto"
    }
},
{
    "model": "auth.permission",
    "pk": 225,
    "fields": {
        "name": "Can add proveedor",
        "content_type": 11,
        "codename": "add_proveedor"
    }
},
{
    "model": "auth.permission",
    "pk": 226,
    "fields": {
        "name": "Can change proveedor",
        "content_type": 11,
        "codename": "change_proveedor"
    }
},
{
    "model": "auth.permission",
    "pk": 227,
    "fields": {
        "name": "Can delete proveedor",
        "content_type": 11,
        "codename": "delete_proveedor"
    }
},
{
    "model": "auth.permission",
    "pk": 228,
    "fields": {
        "name": "Can view proveedor",
        "content_type": 11,
        "codename": "view_proveedor"
    }
},
{
    "model": "auth.permission",
    "pk": 229,
    "fields": {
        "name": "Can add gerente",
        "content_type": 21,
        "codename": "add_gerente"
    }
},
{
    "model": "auth.permission",
    "pk": 230,
    "fields": {
        "name": "Can change gerente",
        "content_type": 21,
        "codename": "change_gerente"
    }
},
{
    "model": "auth.permission",
    "pk": 231,
    "fields": {
        "name": "Can delete gerente",
        "content_type": 21,
        "codename": "delete_gerente"
    }
},
{
    "model": "auth.permission",
    "pk": 232,
    "fields": {
        "name": "Can view gerente",
        "content_type": 21,
        "codename": "view_gerente"
    }
},
{
    "model": "auth.permission",
    "pk": 233,
    "fields": {
        "name": "Can add farmacia",
        "content_type": 9,
        "codename": "add_farmacia"
    }
},
{
    "model": "auth.permission",
    "pk": 234,
    "fields": {
        "name": "Can change farmacia",
        "content_type": 9,
        "codename": "change_farmacia"
    }
},
{
    "model": "auth.permission",
    "pk": 235,
    "fields": {
        "name": "Can delete farmacia",
        "content_type": 9,
        "codename": "delete_farmacia"
    }
},
{
    "model": "auth.permission",
    "pk": 236,
    "fields": {
        "name": "Can view farmacia",
        "content_type": 9,
        "codename": "view_farmacia"
    }
},
{
    "model": "auth.permission",
    "pk": 237,
    "fields": {
        "name": "Can add compra",
        "content_type": 8,
        "codename": "add_compra"
    }
},
{
    "model": "auth.permission",
    "pk": 238,
    "fields": {
        "name": "Can change compra",
        "content_type": 8,
        "codename": "change_compra"
    }
},
{
    "model": "auth.permission",
    "pk": 239,
    "fields": {
        "name": "Can delete compra",
        "content_type": 8,
        "codename": "delete_compra"
    }
},
{
    "model": "auth.permission",
    "pk": 240,
    "fields": {
        "name": "Can view compra",
        "content_type": 8,
        "codename": "view_compra"
    }
},
{
    "model": "auth.permission",
    "pk": 241,
    "fields": {
        "name": "Can add carrito compra",
        "content_type": 6,
        "codename": "add_carritocompra"
    }
},
{
    "model": "auth.permission",
    "pk": 242,
    "fields": {
        "name": "Can change carrito compra",
        "content_type": 6,
        "codename": "change_carritocompra"
    }
},
{
    "model": "auth.permission",
    "pk": 243,
    "fields": {
        "name": "Can delete carrito compra",
        "content_type": 6,
        "codename": "delete_carritocompra"
    }
},
{
    "model": "auth.permission",
    "pk": 244,
    "fields": {
        "name": "Can view carrito compra",
        "content_type": 6,
        "codename": "view_carritocompra"
    }
},
{
    "model": "auth.permission",
    "pk": 245,
    "fields": {
        "name": "Can add empleado",
        "content_type": 22,
        "codename": "add_empleado"
    }
},
{
    "model": "auth.permission",
    "pk": 246,
    "fields": {
        "name": "Can change empleado",
        "content_type": 22,
        "codename": "change_empleado"
    }
},
{
    "model": "auth.permission",
    "pk": 247,
    "fields": {
        "name": "Can delete empleado",
        "content_type": 22,
        "codename": "delete_empleado"
    }
},
{
    "model": "auth.permission",
    "pk": 248,
    "fields": {
        "name": "Can view empleado",
        "content_type": 22,
        "codename": "view_empleado"
    }
},
{
    "model": "auth.permission",
    "pk": 249,
    "fields": {
        "name": "Can add cliente",
        "content_type": 7,
        "codename": "add_cliente"
    }
},
{
    "model": "auth.permission",
    "pk": 250,
    "fields": {
        "name": "Can change cliente",
        "content_type": 7,
        "codename": "change_cliente"
    }
},
{
    "model": "auth.permission",
    "pk": 251,
    "fields": {
        "name": "Can delete cliente",
        "content_type": 7,
        "codename": "delete_cliente"
    }
},
{
    "model": "auth.permission",
    "pk": 252,
    "fields": {
        "name": "Can view cliente",
        "content_type": 7,
        "codename": "view_cliente"
    }
},
{
    "model": "auth.permission",
    "pk": 253,
    "fields": {
        "name": "Can add pago",
        "content_type": 19,
        "codename": "add_pago"
    }
},
{
    "model": "auth.permission",
    "pk": 254,
    "fields": {
        "name": "Can change pago",
        "content_type": 19,
        "codename": "change_pago"
    }
},
{
    "model": "auth.permission",
    "pk": 255,
    "fields": {
        "name": "Can delete pago",
        "content_type": 19,
        "codename": "delete_pago"
    }
},
{
    "model": "auth.permission",
    "pk": 256,
    "fields": {
        "name": "Can view pago",
        "content_type": 19,
        "codename": "view_pago"
    }
},
{
    "model": "auth.permission",
    "pk": 257,
    "fields": {
        "name": "Can add administrador",
        "content_type": 26,
        "codename": "add_administrador"
    }
},
{
    "model": "auth.permission",
    "pk": 258,
    "fields": {
        "name": "Can change administrador",
        "content_type": 26,
        "codename": "change_administrador"
    }
},
{
    "model": "auth.permission",
    "pk": 259,
    "fields": {
        "name": "Can delete administrador",
        "content_type": 26,
        "codename": "delete_administrador"
    }
},
{
    "model": "auth.permission",
    "pk": 260,
    "fields": {
        "name": "Can view administrador",
        "content_type": 26,
        "codename": "view_administrador"
    }
},
{
    "model": "auth.permission",
    "pk": 261,
    "fields": {
        "name": "Can add subscripcion",
        "content_type": 17,
        "codename": "add_subscripcion"
    }
},
{
    "model": "auth.permission",
    "pk": 262,
    "fields": {
        "name": "Can change subscripcion",
        "content_type": 17,
        "codename": "change_subscripcion"
    }
},
{
    "model": "auth.permission",
    "pk": 263,
    "fields": {
        "name": "Can delete subscripcion",
        "content_type": 17,
        "codename": "delete_subscripcion"
    }
},
{
    "model": "auth.permission",
    "pk": 264,
    "fields": {
        "name": "Can view subscripcion",
        "content_type": 17,
        "codename": "view_subscripcion"
    }
},
{
    "model": "auth.permission",
    "pk": 265,
    "fields": {
        "name": "Can add promocion",
        "content_type": 18,
        "codename": "add_promocion"
    }
},
{
    "model": "auth.permission",
    "pk": 266,
    "fields": {
        "name": "Can change promocion",
        "content_type": 18,
        "codename": "change_promocion"
    }
},
{
    "model": "auth.permission",
    "pk": 267,
    "fields": {
        "name": "Can delete promocion",
        "content_type": 18,
        "codename": "delete_promocion"
    }
},
{
    "model": "auth.permission",
    "pk": 268,
    "fields": {
        "name": "Can view promocion",
        "content_type": 18,
        "codename": "view_promocion"
    }
},
{
    "model": "auth.permission",
    "pk": 269,
    "fields": {
        "name": "Can add detalle producto",
        "content_type": 23,
        "codename": "add_detalleproducto"
    }
},
{
    "model": "auth.permission",
    "pk": 270,
    "fields": {
        "name": "Can change detalle producto",
        "content_type": 23,
        "codename": "change_detalleproducto"
    }
},
{
    "model": "auth.permission",
    "pk": 271,
    "fields": {
        "name": "Can delete detalle producto",
        "content_type": 23,
        "codename": "delete_detalleproducto"
    }
},
{
    "model": "auth.permission",
    "pk": 272,
    "fields": {
        "name": "Can view detalle producto",
        "content_type": 23,
        "codename": "view_detalleproducto"
    }
},
{
    "model": "auth.permission",
    "pk": 273,
    "fields": {
        "name": "Can add user",
        "content_type": 13,
        "codename": "add_usuario"
    }
},
{
    "model": "auth.permission",
    "pk": 274,
    "fields": {
        "name": "Can change user",
        "content_type": 13,
        "codename": "change_usuario"
    }
},
{
    "model": "auth.permission",
    "pk": 275,
    "fields": {
        "name": "Can delete user",
        "content_type": 13,
        "codename": "delete_usuario"
    }
},
{
    "model": "auth.permission",
    "pk": 276,
    "fields": {
        "name": "Can view user",
        "content_type": 13,
        "codename": "view_usuario"
    }
},
{
    "model": "auth.permission",
    "pk": 277,
    "fields": {
        "name": "Can add datos farmacia",
        "content_type": 25,
        "codename": "add_datosfarmacia"
    }
},
{
    "model": "auth.permission",
    "pk": 278,
    "fields": {
        "name": "Can change datos farmacia",
        "content_type": 25,
        "codename": "change_datosfarmacia"
    }
},
{
    "model": "auth.permission",
    "pk": 279,
    "fields": {
        "name": "Can delete datos farmacia",
        "content_type": 25,
        "codename": "delete_datosfarmacia"
    }
},
{
    "model": "auth.permission",
    "pk": 280,
    "fields": {
        "name": "Can view datos farmacia",
        "content_type": 25,
        "codename": "view_datosfarmacia"
    }
},
{
    "model": "auth.permission",
    "pk": 281,
    "fields": {
        "name": "Can add id token",
        "content_type": 31,
        "codename": "add_idtoken"
    }
},
{
    "model": "auth.permission",
    "pk": 282,
    "fields": {
        "name": "Can change id token",
        "content_type": 31,
        "codename": "change_idtoken"
    }
},
{
    "model": "auth.permission",
    "pk": 283,
    "fields": {
        "name": "Can delete id token",
        "content_type": 31,
        "codename": "delete_idtoken"
    }
},
{
    "model": "auth.permission",
    "pk": 284,
    "fields": {
        "name": "Can view id token",
        "content_type": 31,
        "codename": "view_idtoken"
    }
},
{
    "model": "auth.permission",
    "pk": 285,
    "fields": {
        "name": "Can add access token",
        "content_type": 28,
        "codename": "add_accesstoken"
    }
},
{
    "model": "auth.permission",
    "pk": 286,
    "fields": {
        "name": "Can change access token",
        "content_type": 28,
        "codename": "change_accesstoken"
    }
},
{
    "model": "auth.permission",
    "pk": 287,
    "fields": {
        "name": "Can delete access token",
        "content_type": 28,
        "codename": "delete_accesstoken"
    }
},
{
    "model": "auth.permission",
    "pk": 288,
    "fields": {
        "name": "Can view access token",
        "content_type": 28,
        "codename": "view_accesstoken"
    }
},
{
    "model": "auth.permission",
    "pk": 289,
    "fields": {
        "name": "Can add application",
        "content_type": 27,
        "codename": "add_application"
    }
},
{
    "model": "auth.permission",
    "pk": 290,
    "fields": {
        "name": "Can change application",
        "content_type": 27,
        "codename": "change_application"
    }
},
{
    "model": "auth.permission",
    "pk": 291,
    "fields": {
        "name": "Can delete application",
        "content_type": 27,
        "codename": "delete_application"
    }
},
{
    "model": "auth.permission",
    "pk": 292,
    "fields": {
        "name": "Can view application",
        "content_type": 27,
        "codename": "view_application"
    }
},
{
    "model": "auth.permission",
    "pk": 293,
    "fields": {
        "name": "Can add refresh token",
        "content_type": 30,
        "codename": "add_refreshtoken"
    }
},
{
    "model": "auth.permission",
    "pk": 294,
    "fields": {
        "name": "Can change refresh token",
        "content_type": 30,
        "codename": "change_refreshtoken"
    }
},
{
    "model": "auth.permission",
    "pk": 295,
    "fields": {
        "name": "Can delete refresh token",
        "content_type": 30,
        "codename": "delete_refreshtoken"
    }
},
{
    "model": "auth.permission",
    "pk": 296,
    "fields": {
        "name": "Can view refresh token",
        "content_type": 30,
        "codename": "view_refreshtoken"
    }
},
{
    "model": "auth.permission",
    "pk": 297,
    "fields": {
        "name": "Can add grant",
        "content_type": 29,
        "codename": "add_grant"
    }
},
{
    "model": "auth.permission",
    "pk": 298,
    "fields": {
        "name": "Can change grant",
        "content_type": 29,
        "codename": "change_grant"
    }
},
{
    "model": "auth.permission",
    "pk": 299,
    "fields": {
        "name": "Can delete grant",
        "content_type": 29,
        "codename": "delete_grant"
    }
},
{
    "model": "auth.permission",
    "pk": 300,
    "fields": {
        "name": "Can view grant",
        "content_type": 29,
        "codename": "view_grant"
    }
},
{
    "model": "auth.permission",
    "pk": 301,
    "fields": {
        "name": "Can add site",
        "content_type": 32,
        "codename": "add_site"
    }
},
{
    "model": "auth.permission",
    "pk": 302,
    "fields": {
        "name": "Can change site",
        "content_type": 32,
        "codename": "change_site"
    }
},
{
    "model": "auth.permission",
    "pk": 303,
    "fields": {
        "name": "Can delete site",
        "content_type": 32,
        "codename": "delete_site"
    }
},
{
    "model": "auth.permission",
    "pk": 304,
    "fields": {
        "name": "Can view site",
        "content_type": 32,
        "codename": "view_site"
    }
},
{
    "model": "auth.permission",
    "pk": 305,
    "fields": {
        "name": "Can add email address",
        "content_type": 33,
        "codename": "add_emailaddress"
    }
},
{
    "model": "auth.permission",
    "pk": 306,
    "fields": {
        "name": "Can change email address",
        "content_type": 33,
        "codename": "change_emailaddress"
    }
},
{
    "model": "auth.permission",
    "pk": 307,
    "fields": {
        "name": "Can delete email address",
        "content_type": 33,
        "codename": "delete_emailaddress"
    }
},
{
    "model": "auth.permission",
    "pk": 308,
    "fields": {
        "name": "Can view email address",
        "content_type": 33,
        "codename": "view_emailaddress"
    }
},
{
    "model": "auth.permission",
    "pk": 309,
    "fields": {
        "name": "Can add email confirmation",
        "content_type": 34,
        "codename": "add_emailconfirmation"
    }
},
{
    "model": "auth.permission",
    "pk": 310,
    "fields": {
        "name": "Can change email confirmation",
        "content_type": 34,
        "codename": "change_emailconfirmation"
    }
},
{
    "model": "auth.permission",
    "pk": 311,
    "fields": {
        "name": "Can delete email confirmation",
        "content_type": 34,
        "codename": "delete_emailconfirmation"
    }
},
{
    "model": "auth.permission",
    "pk": 312,
    "fields": {
        "name": "Can view email confirmation",
        "content_type": 34,
        "codename": "view_emailconfirmation"
    }
},
{
    "model": "auth.permission",
    "pk": 313,
    "fields": {
        "name": "Can add social application",
        "content_type": 36,
        "codename": "add_socialapp"
    }
},
{
    "model": "auth.permission",
    "pk": 314,
    "fields": {
        "name": "Can change social application",
        "content_type": 36,
        "codename": "change_socialapp"
    }
},
{
    "model": "auth.permission",
    "pk": 315,
    "fields": {
        "name": "Can delete social application",
        "content_type": 36,
        "codename": "delete_socialapp"
    }
},
{
    "model": "auth.permission",
    "pk": 316,
    "fields": {
        "name": "Can view social application",
        "content_type": 36,
        "codename": "view_socialapp"
    }
},
{
    "model": "auth.permission",
    "pk": 317,
    "fields": {
        "name": "Can add social account",
        "content_type": 35,
        "codename": "add_socialaccount"
    }
},
{
    "model": "auth.permission",
    "pk": 318,
    "fields": {
        "name": "Can change social account",
        "content_type": 35,
        "codename": "change_socialaccount"
    }
},
{
    "model": "auth.permission",
    "pk": 319,
    "fields": {
        "name": "Can delete social account",
        "content_type": 35,
        "codename": "delete_socialaccount"
    }
},
{
    "model": "auth.permission",
    "pk": 320,
    "fields": {
        "name": "Can view social account",
        "content_type": 35,
        "codename": "view_socialaccount"
    }
},
{
    "model": "auth.permission",
    "pk": 321,
    "fields": {
        "name": "Can add social application token",
        "content_type": 37,
        "codename": "add_socialtoken"
    }
},
{
    "model": "auth.permission",
    "pk": 322,
    "fields": {
        "name": "Can change social application token",
        "content_type": 37,
        "codename": "change_socialtoken"
    }
},
{
    "model": "auth.permission",
    "pk": 323,
    "fields": {
        "name": "Can delete social application token",
        "content_type": 37,
        "codename": "delete_socialtoken"
    }
},
{
    "model": "auth.permission",
    "pk": 324,
    "fields": {
        "name": "Can view social application token",
        "content_type": 37,
        "codename": "view_socialtoken"
    }
},
{
    "model": "auth.permission",
    "pk": 325,
    "fields": {
        "name": "Can add tratamiento",
        "content_type": 39,
        "codename": "add_tratamiento"
    }
},
{
    "model": "auth.permission",
    "pk": 326,
    "fields": {
        "name": "Can change tratamiento",
        "content_type": 39,
        "codename": "change_tratamiento"
    }
},
{
    "model": "auth.permission",
    "pk": 327,
    "fields": {
        "name": "Can delete tratamiento",
        "content_type": 39,
        "codename": "delete_tratamiento"
    }
},
{
    "model": "auth.permission",
    "pk": 328,
    "fields": {
        "name": "Can view tratamiento",
        "content_type": 39,
        "codename": "view_tratamiento"
    }
},
{
    "model": "auth.group",
    "pk": 1,
    "fields": {
        "name": "Gerente",
        "permissions": [
            101,
            102,
            103,
            104,
            21,
            22,
            23,
            24,
            25,
            26,
            27,
            28,
            29,
            30,
            31,
            32,
            97,
            98,
            99,
            100,
            93,
            94,
            95,
            96,
            89,
            90,
            91,
            92,
            85,
            86,
            87,
            88,
            33,
            34,
            35,
            36,
            81,
            82,
            83,
            84,
            77,
            78,
            79,
            80,
            73,
            74,
            75,
            76,
            37,
            38,
            39,
            40,
            69,
            70,
            71,
            72,
            41,
            42,
            43,
            44,
            65,
            66,
            67,
            68,
            61,
            62,
            63,
            64,
            45,
            46,
            47,
            48,
            49,
            50,
            51,
            52,
            57,
            58,
            59,
            60,
            53,
            54,
            55,
            56,
            1,
            2,
            3,
            4,
            9,
            10,
            11,
            12,
            5,
            6,
            7,
            8,
            13,
            14,
            15,
            16,
            109,
            110,
            111,
            112,
            105,
            106,
            107,
            108,
            113,
            114,
            115,
            116,
            17,
            18,
            19,
            20
        ]
    }
},
{
    "model": "auth.group",
    "pk": 2,
    "fields": {
        "name": "Administrador",
        "permissions": [
            101,
            102,
            103,
            104,
            21,
            22,
            23,
            24,
            25,
            26,
            27,
            28,
            29,
            30,
            31,
            32,
            97,
            98,
            99,
            100,
            93,
            94,
            95,
            96,
            89,
            90,
            91,
            92,
            85,
            86,
            87,
            88,
            33,
            34,
            35,
            36,
            81,
            82,
            83,
            84,
            77,
            78,
            79,
            80,
            73,
            74,
            75,
            76,
            37,
            38,
            39,
            40,
            69,
            70,
            71,
            72,
            41,
            42,
            43,
            44,
            65,
            66,
            67,
            68,
            61,
            62,
            63,
            64,
            45,
            46,
            47,
            48,
            49,
            50,
            51,
            52,
            57,
            58,
            59,
            60,
            53,
            54,
            55,
            56,
            129,
            130,
            131,
            132,
            133,
            134,
            135,
            136,
            1,
            2,
            3,
            4,
            9,
            10,
            11,
            12,
            5,
            6,
            7,
            8,
            13,
            14,
            15,
            16,
            109,
            110,
            111,
            112,
            105,
            106,
            107,
            108,
            113,
            114,
            115,
            116,
            121,
            122,
            123,
            124,
            117,
            118,
            119,
            120,
            17,
            18,
            19,
            20,
            125,
            126,
            127,
            128,
            137,
            138,
            139,
            140
        ]
    }
},
{
    "model": "auth.group",
    "pk": 3,
    "fields": {
        "name": "Cliente",
        "permissions": [
            32,
            36,
            64,
            49,
            50,
            51,
            52,
            60
        ]
    }
},
{
    "model": "auth.group",
    "pk": 4,
    "fields": {
        "name": "Empleado",
        "permissions": [
            21,
            22,
            24,
            25,
            28,
            32,
            92,
            88,
            36,
            84,
            72,
            64,
            50,
            51,
            52,
            57,
            58,
            59,
            60
        ]
    }
},
{
    "model": "contenttypes.contenttype",
    "pk": 1,
    "fields": {
        "app_label": "admin",
        "model": "logentry"
    }
},
{
    "model": "contenttypes.contenttype",
    "pk": 2,
    "fields": {
        "app_label": "auth",
        "model": "permission"
    }
},
{
    "model": "contenttypes.contenttype",
    "pk": 3,
    "fields": {
        "app_label": "auth",
        "model": "group"
    }
},
{
    "model": "contenttypes.contenttype",
    "pk": 4,
    "fields": {
        "app_label": "contenttypes",
        "model": "contenttype"
    }
},
{
    "model": "contenttypes.contenttype",
    "pk": 5,
    "fields": {
        "app_label": "sessions",
        "model": "session"
    }
},
{
    "model": "contenttypes.contenttype",
    "pk": 6,
    "fields": {
        "app_label": "App_Farmacia",
        "model": "carritocompra"
    }
},
{
    "model": "contenttypes.contenttype",
    "pk": 7,
    "fields": {
        "app_label": "App_Farmacia",
        "model": "cliente"
    }
},
{
    "model": "contenttypes.contenttype",
    "pk": 8,
    "fields": {
        "app_label": "App_Farmacia",
        "model": "compra"
    }
},
{
    "model": "contenttypes.contenttype",
    "pk": 9,
    "fields": {
        "app_label": "App_Farmacia",
        "model": "farmacia"
    }
},
{
    "model": "contenttypes.contenttype",
    "pk": 10,
    "fields": {
        "app_label": "App_Farmacia",
        "model": "producto"
    }
},
{
    "model": "contenttypes.contenttype",
    "pk": 11,
    "fields": {
        "app_label": "App_Farmacia",
        "model": "proveedor"
    }
},
{
    "model": "contenttypes.contenttype",
    "pk": 12,
    "fields": {
        "app_label": "App_Farmacia",
        "model": "uploadedfile"
    }
},
{
    "model": "contenttypes.contenttype",
    "pk": 13,
    "fields": {
        "app_label": "App_Farmacia",
        "model": "usuario"
    }
},
{
    "model": "contenttypes.contenttype",
    "pk": 14,
    "fields": {
        "app_label": "App_Farmacia",
        "model": "votacion"
    }
},
{
    "model": "contenttypes.contenttype",
    "pk": 15,
    "fields": {
        "app_label": "App_Farmacia",
        "model": "usuariocarrito"
    }
},
{
    "model": "sessions.session",
    "pk": "1kp68l6sf677bbkh57obpcv14ftbo4hh",
    "fields": {
        "session_data": ".eJxVjEEOgjAQRe_StWlmmI4Ul-45QzPttIIaSCisjHdXEha6_e-9_zJBtnUIW81LGNVcDJrT7xYlPfK0A73LdJttmqd1GaPdFXvQavtZ8_N6uH8Hg9ThWxdiJGkwIrbsMhNBdKUR6HLnCxcPSVGxgQ40ARU5kzry0TnmFhjM-wPBgDbD:1rfPSy:B2s2PTvbT1oPpz4vNQ0_Xehmfr86Lgu2ypTYi1SY79Y",
        "expire_date": "2024-03-13T19:19:44.327Z"
    }
},
{
    "model": "sessions.session",
    "pk": "1m3um9eiufwc18q2nln6vd167jh7e871",
    "fields": {
        "session_data": ".eJxVjEEOgjAQRe_StWlmmI4Ul-45QzPttIIaSCisjHdXEha6_e-9_zJBtnUIW81LGNVcDJrT7xYlPfK0A73LdJttmqd1GaPdFXvQavtZ8_N6uH8Hg9ThWxdiJGkwIrbsMhNBdKUR6HLnCxcPSVGxgQ40ARU5kzry0TnmFhjM-wPBgDbD:1rj6Bd:OvUM7C62SgiFzQOSuzZU7HaquPcW1Nk72DxbkK2Clvo",
        "expire_date": "2024-03-23T23:33:05.086Z"
    }
},
{
    "model": "sessions.session",
    "pk": "2s7h9avh2n9k9xqws44wu87vgah2h5mu",
    "fields": {
        "session_data": ".eJxtkM1uxCAMhF-l4hxl-UliyLH3PkFVITCQ0KZQJaSX1b57STeXrXqzPPON7LmS4HE2OqaIMZORcHqh_MIp754oG2lPGmIQ856KNnuZfSoRTYk56U9f5uw2Mr5eyX2u-JYxmuUkDraQkQGVQkLf87aOwCU05GvN39H5tSJTztPiq3ePRwJjFEAp4JxLqeTAlWKM3N4a8nuA3je_6rtTkIelNfjh06G4d5Om3GJOZY22PSztqW7tS3Z-eT69DwGz2eZKB5CAYBVCkEE5dBaC80ZaHIBy7IQYqh4sZWCcqL9aPyjme0GNgy7I_yvzTv8tQ3ZSwe0Hyvl6VQ:1rcDdw:j4AJmj4TJI1dhr9GfTV5h_uRegxtG-Tn8aM9Bi8GsIM",
        "expire_date": "2024-03-05T00:05:52.218Z"
    }
},
{
    "model": "sessions.session",
    "pk": "2vwgaprvve9m1f0hzn7qcajrmimoq4fd",
    "fields": {
        "session_data": ".eJxVjEEOgjAQRe_StWlmmI4Ul-45QzPttIIaSCisjHdXEha6_e-9_zJBtnUIW81LGNVcDJrT7xYlPfK0A73LdJttmqd1GaPdFXvQavtZ8_N6uH8Hg9ThWxdiJGkwIrbsMhNBdKUR6HLnCxcPSVGxgQ40ARU5kzry0TnmFhjM-wPBgDbD:1rj78m:tEjRkOqefot-Hyf5ifG93TxsbArX7X6k_3M-g1X_fnI",
        "expire_date": "2024-03-24T00:34:12.834Z"
    }
},
{
    "model": "sessions.session",
    "pk": "3gwm6lxmodydz4lbvd119rq919wh8lts",
    "fields": {
        "session_data": ".eJxVjEEOgjAQRe_StWlmmI4Ul-45QzPttIIaSCisjHdXEha6_e-9_zJBtnUIW81LGNVcDJrT7xYlPfK0A73LdJttmqd1GaPdFXvQavtZ8_N6uH8Hg9ThWxdiJGkwIrbsMhNBdKUR6HLnCxcPSVGxgQ40ARU5kzry0TnmFhjM-wPBgDbD:1rj6Dv:370Ldd-OY5l74SFJydidYE8JMpUyvLFUj3OC0VvLtDU",
        "expire_date": "2024-03-23T23:35:27.812Z"
    }
},
{
    "model": "sessions.session",
    "pk": "3hcxahk366zdeb7uongvd1zt58tvaotu",
    "fields": {
        "session_data": ".eJxVjEEOgjAQRe_StWlmmI4Ul-45QzPttIIaSCisjHdXEha6_e-9_zJBtnUIW81LGNVcDJrT7xYlPfK0A73LdJttmqd1GaPdFXvQavtZ8_N6uH8Hg9ThWxdiJGkwIrbsMhNBdKUR6HLnCxcPSVGxgQ40ARU5kzry0TnmFhjM-wPBgDbD:1rj6B8:p4Y-7ApeLoD446WlozqpPlR4-xtaVps6SatbFrefQnc",
        "expire_date": "2024-03-23T23:32:34.833Z"
    }
},
{
    "model": "sessions.session",
    "pk": "4by9yltnvl37kcnnfz0t9rl6eebztdms",
    "fields": {
        "session_data": ".eJxVjEEOgjAQRe_StWlmmI4Ul-45QzPttIIaSCisjHdXEha6_e-9_zJBtnUIW81LGNVcDJrT7xYlPfK0A73LdJttmqd1GaPdFXvQavtZ8_N6uH8Hg9ThWxdiJGkwIrbsMhNBdKUR6HLnCxcPSVGxgQ40ARU5kzry0TnmFhjM-wPBgDbD:1riLhl:hXU9nNrtLL5sCyd8_-OVeg3wOsDKMgeHi4acIpdu6B8",
        "expire_date": "2024-03-21T21:55:09.333Z"
    }
},
{
    "model": "sessions.session",
    "pk": "4gs49uq6ih5b97bz5fxj1ik15v03tfn8",
    "fields": {
        "session_data": ".eJxVjDkOwjAQRa-CXCNnxgtxUtJzBmu8YQOypSwV4u4kUgpo_3v_vZmldcl2neNkS2AjQ3b-3Rz5Z6w7CA-q98Z9q8tUHN8VftCZ31qIr-vh_gUyzXl7J6lRkkCH2GsVtZTgVBIEQxxM0smADxhQwADBg0x0kUFJ45TSugcNWzRFn8mWWnxpW1GYDkQnQKgTihEM-3wBsFU_mQ:1rfHnw:hlWZkTtp_yGPRYivOl4eY0BnxE0kYHSJDsslBjVjl68",
        "expire_date": "2024-03-13T11:08:52.095Z"
    }
},
{
    "model": "sessions.session",
    "pk": "4iqih1o1snmhrrww6honsjr37kqmvy53",
    "fields": {
        "session_data": "eyJmZWNoYV9pbmljaW8iOiIyOC8wMi8yMDI0IDEyOjA5In0:1rfHoo:PaeHj54oIDpi0heoH6-LOkt-ruXUZ4hfVodpVUD-pL8",
        "expire_date": "2024-03-13T11:09:46.159Z"
    }
},
{
    "model": "sessions.session",
    "pk": "5u5ipay5oft07mfjfoolvo7jg4tf74jg",
    "fields": {
        "session_data": "eyJmZWNoYV9pbmljaW8iOiIwOS8wMy8yMDI0IDIzOjQ2In0:1rj5SA:Y1NVEt-z36bwvNqisf-wW-oTRbg0K4k4tSFRy-LHQFU",
        "expire_date": "2024-03-23T22:46:06.092Z"
    }
},
{
    "model": "sessions.session",
    "pk": "6ay652sn1q7frwi8rnpjad4270bj2e8q",
    "fields": {
        "session_data": ".eJxVjDsOwyAQBa8SUUd4WSDGLtPnDGj5BZIIJH-qKHePLblx-2bmfVmKPpMttfjS2Miw7wA7BFQXgBENuzJL65LtOsfJlrAp4rw58u9YdxBeVJ-N-1aXqTi-K_ygM3-0ED_3wz0dZJrzViephSQUToheq6ilBKcSEgxxMEknAz6IIBAGCB5kopsMShqnlNY9aGC_P2JGP5c:1rekQT:HucU3dHy7_fx82wzhoBDjVxO2lolBsi3rWTEdfqVU3g",
        "expire_date": "2024-03-11T23:30:25.739Z"
    }
},
{
    "model": "sessions.session",
    "pk": "7p9xvvop12tvkdl65sjk14sh8eoksgxy",
    "fields": {
        "session_data": ".eJxVjDkOwjAQRa-CXCNnxgtxUtJzBmu8YQOypSwV4u4kUgpo_3v_vZmldcl2neNkS2AjQ3b-3Rz5Z6w7CA-q98Z9q8tUHN8VftCZ31qIr-vh_gUyzXl7J6lRkkCH2GsVtZTgVBIEQxxM0smADxhQwADBg0x0kUFJ45TSugcNWzRFn8mWWnxpW1GYDkQnQKgTmhGRfb6waD-Z:1rfNTH:dEtnG-djonM3U5VUPXd0m2iAJfVqP5gYYUZRcButhNU",
        "expire_date": "2024-03-13T17:11:55.793Z"
    }
},
{
    "model": "sessions.session",
    "pk": "7t9d5xhlfc34swaprmv1daovgiv9eypw",
    "fields": {
        "session_data": ".eJxVjEEOgjAQRe_StWlmmI4Ul-45QzPttIIaSCisjHdXEha6_e-9_zJBtnUIW81LGNVcDJrT7xYlPfK0A73LdJttmqd1GaPdFXvQavtZ8_N6uH8Hg9ThWxdiJGkwIrbsMhNBdKUR6HLnCxcPSVGxgQ40ARU5kzry0TnmFhjM-wPBgDbD:1rfQIy:BPP1K4tkf4Z1-lC7JoxSMpZUyqZtAs9PtXl_G6m057k",
        "expire_date": "2024-03-13T20:13:28.964Z"
    }
},
{
    "model": "sessions.session",
    "pk": "7yq7xlq6bhzn4ywajun4pdza8b963km3",
    "fields": {
        "session_data": ".eJxVjEEOgjAQRe_StWlmmI4Ul-45QzPttIIaSCisjHdXEha6_e-9_zJBtnUIW81LGNVcDJrT7xYlPfK0A73LdJttmqd1GaPdFXvQavtZ8_N6uH8Hg9ThWxdiJGkwIrbsMhNBdKUR6HLnCxcPSVGxgQ40ARU5kzry0TnmFhjM-wPBgDbD:1rfQnf:C7hKAJ6MawziDCK90Rg0s5C2R8I8PjDz3GdRsVmDAsw",
        "expire_date": "2024-03-13T20:45:11.286Z"
    }
},
{
    "model": "sessions.session",
    "pk": "a9sxyre6pr7tfa9mgrwv2uy2qa7ro4d2",
    "fields": {
        "session_data": ".eJxVjEEOgjAQRe_StWlmmI4Ul-45QzPttIIaSCisjHdXEha6_e-9_zJBtnUIW81LGNVcDJrT7xYlPfK0A73LdJttmqd1GaPdFXvQavtZ8_N6uH8Hg9ThWxdiJGkwIrbsMhNBdKUR6HLnCxcPSVGxgQ40ARU5kzry0TnmFhjM-wPBgDbD:1rj7CT:qXaNDvkY6lVQpudWyzSSCFx9FmwiwdMhWd482RWaR5A",
        "expire_date": "2024-03-24T00:38:01.096Z"
    }
},
{
    "model": "sessions.session",
    "pk": "aot8ngh2itswwqonptp43vc1qkv1z190",
    "fields": {
        "session_data": ".eJxVjDsOwyAQBa8SUUd4YSE2LtPnDGj5BZIIJH-qKHePLblx-2bmfVmKPpMttfjS2MjAdICdBKkuEkct2ZVZWpds1zlOtoRNEefNkX_HuoPwovps3Le6TMXxXeEHnfmjhfi5H-7pINOctzqhFkhSOCF6raJGBKeSJDDRDEmnAXwQQUgwEDxgohsGhYNTSuseNLDfH2RqP5o:1rj5Zl:1A5S8pVIpI8V3KsruzMnFclWElgRWqpZGppZxY8Pqg8",
        "expire_date": "2024-03-23T22:53:57.158Z"
    }
},
{
    "model": "sessions.session",
    "pk": "apvptvjo90rr92s34gltzq304ri8mjts",
    "fields": {
        "session_data": ".eJxVjEEOgjAQRe_StWlmmI4Ul-45QzPttIIaSCisjHdXEha6_e-9_zJBtnUIW81LGNVcDJrT7xYlPfK0A73LdJttmqd1GaPdFXvQavtZ8_N6uH8Hg9ThWxdiJGkwIrbsMhNBdKUR6HLnCxcPSVGxgQ40ARU5kzry0TnmFhjM-wPBgDbD:1rj6l2:_mpjVIJCnCe7f4QGZArqu8FyjuJ-1gPaEX47ubuXN6c",
        "expire_date": "2024-03-24T00:09:40.680Z"
    }
},
{
    "model": "sessions.session",
    "pk": "cmni0v544218bbd1sv268ngxqqupjhqd",
    "fields": {
        "session_data": ".eJxVjEEOgjAQRe_StWlmmI4Ul-45QzPttIIaSCisjHdXEha6_e-9_zJBtnUIW81LGNVcDJrT7xYlPfK0A73LdJttmqd1GaPdFXvQavtZ8_N6uH8Hg9ThWxdiJGkwIrbsMhNBdKUR6HLnCxcPSVGxgQ40ARU5kzry0TnmFhjM-wPBgDbD:1rj64s:HsxNGgJVqLh5Vr6LJtCZPaCTBSQ6A9fl1dnXRA3tjxE",
        "expire_date": "2024-03-23T23:26:06.159Z"
    }
},
{
    "model": "sessions.session",
    "pk": "e3ta0z83xesbxdin3psavwcffs6srvuj",
    "fields": {
        "session_data": "eyJmZWNoYV9pbmljaW8iOiIyOC8wMi8yMDI0IDIwOjU3In0:1rfQ3d:vW_2MvNoGjdRcOSTeB5z5ZTwljTVhRr_18YWFgQ1Smo",
        "expire_date": "2024-03-13T19:57:37.248Z"
    }
},
{
    "model": "sessions.session",
    "pk": "fxn9127bwavapqm44znj58g3fm693p4t",
    "fields": {
        "session_data": ".eJxVjDkOwjAQRa-CXCNnxmNnK-k5gzXeiAHZUpYKcXeIlCbtf-_9j0jRT2xzyT5XMQqkBlSjQOkLtqMicRWWt3Wy2xJnm8OunDfH_hXLDsKTy6NKX8s6Zyd3RR50kfca4vt2uKeDiZfpXycySKzQIXZGR0METifFMMShTyb14AMGVDBA8ECJWwqaeqe1MR0YEN8fYA4_lA:1rZudh:B196F24bTrZUNvEqo-W1250giL976ex6zLr2DtmdccA",
        "expire_date": "2024-02-27T15:24:05.053Z"
    }
},
{
    "model": "sessions.session",
    "pk": "hz5i7e33q0iogydm9zmavow2xq12gs9r",
    "fields": {
        "session_data": "eyJmZWNoYV9pbmljaW8iOiIyOC8wMi8yMDI0IDIxOjAxIn0:1rfQ79:gjvm-rZJOKQifHw0RHArIwBwfMvL5ofZITYBpN33gU4",
        "expire_date": "2024-03-13T20:01:15.763Z"
    }
},
{
    "model": "sessions.session",
    "pk": "i5rqv04ivn8ut751mdq5dkxt74qtg4ee",
    "fields": {
        "session_data": ".eJxVjEEOgjAQRe_StWlmmI4Ul-45QzPttIIaSCisjHdXEha6_e-9_zJBtnUIW81LGNVcDJrT7xYlPfK0A73LdJttmqd1GaPdFXvQavtZ8_N6uH8Hg9ThWxdiJGkwIrbsMhNBdKUR6HLnCxcPSVGxgQ40ARU5kzry0TnmFhjM-wPBgDbD:1rj75Q:PyVR4P-xzWV3zgdFPSJ_QlVqxhvpmLXuByPkStZzlHc",
        "expire_date": "2024-03-24T00:30:44.737Z"
    }
},
{
    "model": "sessions.session",
    "pk": "iqbhphrywr9hraaqmkwblpp3c5wo0low",
    "fields": {
        "session_data": ".eJxVjEEOgjAQRe_StWlmmI4Ul-45QzPttIIaSCisjHdXEha6_e-9_zJBtnUIW81LGNVcDJrT7xYlPfK0A73LdJttmqd1GaPdFXvQavtZ8_N6uH8Hg9ThWxdiJGkwIrbsMhNBdKUR6HLnCxcPSVGxgQ40ARU5kzry0TnmFhjM-wPBgDbD:1rj6SD:cVs7H8xDMYn74nZ2Eq46B27tpBnvO8ibMvjxYP1xOsE",
        "expire_date": "2024-03-23T23:50:13.428Z"
    }
},
{
    "model": "sessions.session",
    "pk": "jhyngbvufagxu8rrnevk8349bkup4ykw",
    "fields": {
        "session_data": "eyJmZWNoYV9pbmljaW8iOiIwOS8wMy8yMDI0IDIzOjUwIn0:1rj5WD:_6li_bJBw4FeZwyFJmlvT5MiWXdjKO_T8RnagK_oUkQ",
        "expire_date": "2024-03-23T22:50:17.942Z"
    }
},
{
    "model": "sessions.session",
    "pk": "khv025l7rt7lsv5x5qh6um4ewp4a842m",
    "fields": {
        "session_data": "eyJmZWNoYV9pbmljaW8iOiIwOS8wMy8yMDI0IDE0OjI1In0:1riwhx:2rlT1Eh2EBWC0oD_hHj-UUd9XOXQXPQV6RtmLOm_naY",
        "expire_date": "2024-03-23T13:25:49.299Z"
    }
},
{
    "model": "sessions.session",
    "pk": "klpwvlj65zo0i08xodp3abhcj927op93",
    "fields": {
        "session_data": ".eJxVjEEOgjAQRe_StWlmmI4Ul-45QzPttIIaSCisjHdXEha6_e-9_zJBtnUIW81LGNVcDJrT7xYlPfK0A73LdJttmqd1GaPdFXvQavtZ8_N6uH8Hg9ThWxdiJGkwIrbsMhNBdKUR6HLnCxcPSVGxgQ40ARU5kzry0TnmFhjM-wPBgDbD:1rfQWq:gLMoDZs-zaEygCrzQ9WuGxkYBh_snER1L9ROj2qAmeU",
        "expire_date": "2024-03-13T20:27:48.892Z"
    }
},
{
    "model": "sessions.session",
    "pk": "n1af7qrhv3k5g51mwgvpx29xdd5oi05b",
    "fields": {
        "session_data": ".eJxVjEEOgjAQRe_StWlmmI4Ul-45QzPttIIaSCisjHdXEha6_e-9_zJBtnUIW81LGNVcDJrT7xYlPfK0A73LdJttmqd1GaPdFXvQavtZ8_N6uH8Hg9ThWxdiJGkwIrbsMhNBdKUR6HLnCxcPSVGxgQ40ARU5kzry0TnmFhjM-wPBgDbD:1rj6j1:6sQWOjARLMjwosTfmFQd78uCJYZHYyN8aBCpUc_ssiw",
        "expire_date": "2024-03-24T00:07:35.516Z"
    }
},
{
    "model": "sessions.session",
    "pk": "naonwjeoexxwqsldecb5pa0ehac4cw5p",
    "fields": {
        "session_data": ".eJxVjEEOgjAQRe_StWlmmI4Ul-45QzPttIIaSCisjHdXEha6_e-9_zJBtnUIW81LGNVcDJrT7xYlPfK0A73LdJttmqd1GaPdFXvQavtZ8_N6uH8Hg9ThWxdiJGkwIrbsMhNBdKUR6HLnCxcPSVGxgQ40ARU5kzry0TnmFhjM-wPBgDbD:1rfPES:ByjzU3duXaoe1xT8nd-_XmsANHQZPmao3_8AoVegqcY",
        "expire_date": "2024-03-13T19:04:44.638Z"
    }
},
{
    "model": "sessions.session",
    "pk": "nxjpwng3v4sef56d2d6vx8chvhwzr3jo",
    "fields": {
        "session_data": ".eJxVjEEOgjAQRe_StWlmmI4Ul-45QzPttIIaSCisjHdXEha6_e-9_zJBtnUIW81LGNVcDJrT7xYlPfK0A73LdJttmqd1GaPdFXvQavtZ8_N6uH8Hg9ThWxdiJGkwIrbsMhNBdKUR6HLnCxcPSVGxgQ40ARU5kzry0TnmFhjM-wPBgDbD:1rj7NF:czkUywoLdUGaCb9LT1VVO_ysSzD_C8BofJ3-lbX5a-c",
        "expire_date": "2024-03-24T00:49:09.567Z"
    }
},
{
    "model": "sessions.session",
    "pk": "ocqc7aly7no55wzc3x23k4w3qkn273wz",
    "fields": {
        "session_data": "eyJmZWNoYV9pbmljaW8iOiIwOS8wMy8yMDI0IDE0OjIwIn0:1riwco:Fj4CGKC7I1-l_5d-WRq7UQ4QedSMrxnDy7w49FF8wfg",
        "expire_date": "2024-03-23T13:20:30.519Z"
    }
},
{
    "model": "sessions.session",
    "pk": "otx96ctf03euf69km1a479j0ew96ah9w",
    "fields": {
        "session_data": ".eJxVjEEOgjAQRe_StWlmmI4Ul-45QzPttIIaSCisjHdXEha6_e-9_zJBtnUIW81LGNVcDJrT7xYlPfK0A73LdJttmqd1GaPdFXvQavtZ8_N6uH8Hg9ThWxdiJGkwIrbsMhNBdKUR6HLnCxcPSVGxgQ40ARU5kzry0TnmFhjM-wPBgDbD:1rj92f:LCgXwGqGrtokl91JsuKVYjnle8-3fwY6VGHPtpxTy9M",
        "expire_date": "2024-03-24T02:36:01.495Z"
    }
},
{
    "model": "sessions.session",
    "pk": "oyhgvdxd7uut61jxev1jn9zrubu5kcko",
    "fields": {
        "session_data": "eyJmZWNoYV9pbmljaW8iOiIwOS8wMy8yMDI0IDE0OjI2In0:1riwit:dQDwYRQiJ2SoeUcBDK5ULgVC5XCDHe0AAree48mUB1Q",
        "expire_date": "2024-03-23T13:26:47.310Z"
    }
},
{
    "model": "sessions.session",
    "pk": "q6myeihxq1v5ei404unmk0fhkbd289yx",
    "fields": {
        "session_data": "eyJmZWNoYV9pbmljaW8iOiIwOS8wMy8yMDI0IDIzOjUwIn0:1rj5W7:aB65cRP8UC4V9vbcLYxj4wSXtJZ95uncK_mVR_0yBtc",
        "expire_date": "2024-03-23T22:50:11.737Z"
    }
},
{
    "model": "sessions.session",
    "pk": "qa1h2v4xgtzf6yo8zn83xdkyx7resd56",
    "fields": {
        "session_data": "eyJmZWNoYV9pbmljaW8iOiIyOC8wMi8yMDI0IDEyOjI1In0:1rfI3j:CBjyyiKuX1ZoNryGpHM-NGkMdPl0V7aTBXwY7C6e2yk",
        "expire_date": "2024-03-13T11:25:11.804Z"
    }
},
{
    "model": "sessions.session",
    "pk": "qoh58gfspxnetgkgaccgca17swisfvlr",
    "fields": {
        "session_data": ".eJxVjEEOgjAQRe_StWlmmI4Ul-45QzPttIIaSCisjHdXEha6_e-9_zJBtnUIW81LGNVcDJrT7xYlPfK0A73LdJttmqd1GaPdFXvQavtZ8_N6uH8Hg9ThWxdiJGkwIrbsMhNBdKUR6HLnCxcPSVGxgQ40ARU5kzry0TnmFhjM-wPBgDbD:1rfQaC:RQ3iM0OC_tX8I91kW2sLUO3eiLt6ER7l8lq9JitSsuk",
        "expire_date": "2024-03-13T20:31:16.206Z"
    }
},
{
    "model": "sessions.session",
    "pk": "r6dye2kvm031mlj6xmisdoswkygs5vuh",
    "fields": {
        "session_data": "eyJmZWNoYV9pbmljaW8iOiIyOC8wMi8yMDI0IDExOjQ3In0:1rfHTh:7TnNmOppdxd6wGYTMhieBoFmXzNrXK9z0tJzrCtjtdA",
        "expire_date": "2024-03-13T10:47:57.973Z"
    }
},
{
    "model": "sessions.session",
    "pk": "tt4hr5nkpsng3jetg9d25xbpffenoeao",
    "fields": {
        "session_data": ".eJxVjEEOgjAQRe_StWlmmI4Ul-45QzPttIIaSCisjHdXEha6_e-9_zJBtnUIW81LGNVcDJrT7xYlPfK0A73LdJttmqd1GaPdFXvQavtZ8_N6uH8Hg9ThWxdiJGkwIrbsMhNBdKUR6HLnCxcPSVGxgQ40ARU5kzry0TnmFhjM-wPBgDbD:1rj6bv:ijJPw3Z-8YSXAK-soRofqO8abmwjjyi0Ao5H_gofFvE",
        "expire_date": "2024-03-24T00:00:15.196Z"
    }
},
{
    "model": "sessions.session",
    "pk": "tw1p31f7pkz1r7e9cprqkq572wzc2gvi",
    "fields": {
        "session_data": "eyJmZWNoYV9pbmljaW8iOiIwOS8wMy8yMDI0IDE0OjI5In0:1riwlI:81wnKT6qe7y3Qvp3uzrqWIJ7PknDUgyDSEMa08vLhRQ",
        "expire_date": "2024-03-23T13:29:16.921Z"
    }
},
{
    "model": "sessions.session",
    "pk": "txwmnbgfgmm2r0y3zyzr4gzt3mnpva9z",
    "fields": {
        "session_data": ".eJxVjEEOgjAQRe_StWlmmI4Ul-45QzPttIIaSCisjHdXEha6_e-9_zJBtnUIW81LGNVcDJrT7xYlPfK0A73LdJttmqd1GaPdFXvQavtZ8_N6uH8Hg9ThWxdiJGkwIrbsMhNBdKUR6HLnCxcPSVGxgQ40ARU5kzry0TnmFhjM-wPBgDbD:1rfNUQ:mgvrfAIuiHEDP1UFSYi9a-UvTYtAQ29fClFgGTNDPlY",
        "expire_date": "2024-03-13T17:13:06.372Z"
    }
},
{
    "model": "sessions.session",
    "pk": "vpmonmbus0k3f6i6y1cwumt86q5ptqaw",
    "fields": {
        "session_data": "eyJmZWNoYV9pbmljaW8iOiIwOC8wMy8yMDI0IDAzOjMzIn0:1riQ3R:QkSu2HH32aiYC1OTBnfjYg7FI4i1FXjd_U0VhFITCrk",
        "expire_date": "2024-03-22T02:33:49.255Z"
    }
},
{
    "model": "sessions.session",
    "pk": "w6yhwzm9jx7oohpt60x38xlh0ciyxe6n",
    "fields": {
        "session_data": ".eJxVjEEOgjAQRe_StWlmmI4Ul-45QzPttIIaSCisjHdXEha6_e-9_zJBtnUIW81LGNVcDJrT7xYlPfK0A73LdJttmqd1GaPdFXvQavtZ8_N6uH8Hg9ThWxdiJGkwIrbsMhNBdKUR6HLnCxcPSVGxgQ40ARU5kzry0TnmFhjM-wPBgDbD:1rj78x:ApCkVdkZSZU-dLG5GVHdn21cC4PPq-4I5BN5kKIPMIg",
        "expire_date": "2024-03-24T00:34:23.044Z"
    }
},
{
    "model": "sessions.session",
    "pk": "wmhbg1dym7ldpbjxdh2bf4yhj6bwv7a6",
    "fields": {
        "session_data": ".eJxVjEEOgjAQRe_StWlmmI4Ul-45QzPttIIaSCisjHdXEha6_e-9_zJBtnUIW81LGNVcDJrT7xYlPfK0A73LdJttmqd1GaPdFXvQavtZ8_N6uH8Hg9ThWxdiJGkwIrbsMhNBdKUR6HLnCxcPSVGxgQ40ARU5kzry0TnmFhjM-wPBgDbD:1rj5qg:unILyBEFYasfZ7VKs8OB8vyQY6hbdxE3sws7-WdhCSU",
        "expire_date": "2024-03-23T23:11:26.158Z"
    }
},
{
    "model": "sessions.session",
    "pk": "yailovae5d5sap8be7bmixx69gf7pp4t",
    "fields": {
        "session_data": ".eJxVjEEOgjAQRe_StWlmmI4Ul-45QzPttIIaSCisjHdXEha6_e-9_zJBtnUIW81LGNVcDJrT7xYlPfK0A73LdJttmqd1GaPdFXvQavtZ8_N6uH8Hg9ThWxdiJGkwIrbsMhNBdKUR6HLnCxcPSVGxgQ40ARU5kzry0TnmFhjM-wPBgDbD:1rj6zY:JhYdGBsyVzYcw0zzwIfxTwOh7Gwd-DNRpd6bl1OAWOc",
        "expire_date": "2024-03-24T00:24:40.592Z"
    }
},
{
    "model": "sessions.session",
    "pk": "zqcq7lc8uu73zjxu68bd0263ouzrj1v5",
    "fields": {
        "session_data": "eyJmZWNoYV9pbmljaW8iOiIyNy8wMi8yMDI0IDAwOjMyIn0:1rekS1:hjXtC_Xj0Ojblg2VI6QtqzALH4oRsajeWA9oSeCdosg",
        "expire_date": "2024-03-11T23:32:01.471Z"
    }
},
{
    "model": "App_Farmacia.usuario",
    "pk": 1,
    "fields": {
        "password": "pbkdf2_sha256$600000$yY8cmvjEnbjUllC8YcStCo$haXVaZNzuE1DCKNMP9bbYWwLOE7vfp1X1mjr88pbsSg=",
        "last_login": "2024-03-10T02:36:01.443Z",
        "is_superuser": true,
        "username": "admin",
        "first_name": "",
        "last_name": "",
        "email": "admin@gmail.com",
        "is_staff": true,
        "is_active": true,
        "date_joined": "2024-02-13T14:48:29.208Z",
        "rol": 1,
        "groups": [],
        "user_permissions": []
    }
},
{
    "model": "App_Farmacia.usuario",
    "pk": 2,
    "fields": {
        "password": "pbkdf2_sha256$600000$YHDkUwvBqPTS0wCIuGpgN4$PqZlDO0SMNkZygUgkZiAGfVaKqIB0KF2ctHuUZ18viI=",
        "last_login": null,
        "is_superuser": false,
        "username": "sanmartin_manager",
        "first_name": "Javier Pérez González",
        "last_name": "",
        "email": "javier.perez@example.com",
        "is_staff": false,
        "is_active": true,
        "date_joined": "2024-02-13T15:10:15Z",
        "rol": 4,
        "groups": [],
        "user_permissions": []
    }
},
{
    "model": "App_Farmacia.usuario",
    "pk": 3,
    "fields": {
        "password": "pbkdf2_sha256$600000$9b66Qp3GCew97akVJ4eSsc$04dNbsbU9Gkidjs7tJyshWyqlKfvzr6U5q4idAI5RIU=",
        "last_login": null,
        "is_superuser": false,
        "username": "santaclara_manager",
        "first_name": "María Rodríguez López",
        "last_name": "",
        "email": "maria.rodriguez@example.com",
        "is_staff": false,
        "is_active": true,
        "date_joined": "2024-02-13T15:13:09Z",
        "rol": 4,
        "groups": [],
        "user_permissions": []
    }
},
{
    "model": "App_Farmacia.usuario",
    "pk": 4,
    "fields": {
        "password": "pbkdf2_sha256$600000$MLQchGgibwn0wZXQCZVHXE$I0/26lsKC+spN15H1dVw5cqzT4WFus9E/UByhOsEYw0=",
        "last_login": null,
        "is_superuser": false,
        "username": "elsol_manager",
        "first_name": "Alejandro Martínez Ruiz",
        "last_name": "",
        "email": "alejandro.martinez@example.com",
        "is_staff": false,
        "is_active": true,
        "date_joined": "2024-02-13T15:13:59Z",
        "rol": 4,
        "groups": [],
        "user_permissions": []
    }
},
{
    "model": "App_Farmacia.usuario",
    "pk": 5,
    "fields": {
        "password": "pbkdf2_sha256$600000$7hl0G83f2s2KJ2pzljqnal$RQr7h8yLfCbH5ZJf6TkTeF4qImQe6R22QqtMIVfcANI=",
        "last_login": null,
        "is_superuser": false,
        "username": "laesperanza_manager",
        "first_name": "Laura Gómez García",
        "last_name": "",
        "email": "laura.gomez@example.com",
        "is_staff": false,
        "is_active": true,
        "date_joined": "2024-02-13T15:14:43Z",
        "rol": 4,
        "groups": [],
        "user_permissions": []
    }
},
{
    "model": "App_Farmacia.usuario",
    "pk": 6,
    "fields": {
        "password": "pbkdf2_sha256$600000$VDohmY1ChRnuSOBagIdzhT$esNLsDLVvkNL0ucZqd0dUL4mqJPzpr7tf5APYZLFPfk=",
        "last_login": null,
        "is_superuser": false,
        "username": "sanjose_manager",
        "first_name": "Carlos Sánchez Rodríguez",
        "last_name": "",
        "email": "carlos.sanchez@example.com",
        "is_staff": false,
        "is_active": true,
        "date_joined": "2024-02-13T15:15:24Z",
        "rol": 4,
        "groups": [],
        "user_permissions": []
    }
},
{
    "model": "App_Farmacia.usuario",
    "pk": 7,
    "fields": {
        "password": "pbkdf2_sha256$600000$jy43YPasY1SIjlDnXvZSgm$EkVrfjJ5GlhIp8BWkXrmI2NNY9Bn7VKtg2Kdp8ZsTcA=",
        "last_login": null,
        "is_superuser": false,
        "username": "lasalud_manager",
        "first_name": "Marta López Martínez",
        "last_name": "",
        "email": "marta.lopez@example.com",
        "is_staff": false,
        "is_active": true,
        "date_joined": "2024-02-13T15:16:06Z",
        "rol": 4,
        "groups": [],
        "user_permissions": []
    }
},
{
    "model": "App_Farmacia.usuario",
    "pk": 8,
    "fields": {
        "password": "pbkdf2_sha256$600000$EoVxglwLZOlfCYvu4JORka$rr3bBIzrFZMmThVavIoeKqNts3y187v2QmZptZhfUY0=",
        "last_login": null,
        "is_superuser": false,
        "username": "elbienestar_manager",
        "first_name": "Alberto Pérez García",
        "last_name": "",
        "email": "alberto.perez@example.com",
        "is_staff": false,
        "is_active": true,
        "date_joined": "2024-02-13T15:16:46Z",
        "rol": 4,
        "groups": [],
        "user_permissions": []
    }
},
{
    "model": "App_Farmacia.usuario",
    "pk": 9,
    "fields": {
        "password": "pbkdf2_sha256$600000$UPE6nPUohk9sDUy0RJNux4$HkvqpNAxrCau+yeDMK6I8MPdpg0k4yAJx2dWOxCPnOs=",
        "last_login": null,
        "is_superuser": false,
        "username": "lapaz_manager",
        "first_name": "Laura Martín Sánchez",
        "last_name": "",
        "email": "laura.martin@example.com",
        "is_staff": false,
        "is_active": true,
        "date_joined": "2024-02-13T15:17:27Z",
        "rol": 4,
        "groups": [],
        "user_permissions": []
    }
},
{
    "model": "App_Farmacia.usuario",
    "pk": 10,
    "fields": {
        "password": "pbkdf2_sha256$600000$mlD2qaRSQokJeO3kpoWS19$/18sTWX8nLkd++9Q21bkhaIq///pjjGQ0GuuvpVOnzU=",
        "last_login": null,
        "is_superuser": false,
        "username": "guadalupe_manager",
        "first_name": "Juan García Pérez",
        "last_name": "",
        "email": "juan.garcia@example.com",
        "is_staff": false,
        "is_active": true,
        "date_joined": "2024-02-13T15:18:07Z",
        "rol": 4,
        "groups": [],
        "user_permissions": []
    }
},
{
    "model": "App_Farmacia.usuario",
    "pk": 11,
    "fields": {
        "password": "pbkdf2_sha256$600000$7h8eQ0mFFmL6rOWhI8SJyV$i3iPDuQKlhWgQexQ66Qo5X2L4r8TzXlecmEwcsMflPI=",
        "last_login": null,
        "is_superuser": false,
        "username": "laamistad_manager",
        "first_name": "Ana López Rodríguez",
        "last_name": "",
        "email": "ana.lopez@example.com",
        "is_staff": false,
        "is_active": true,
        "date_joined": "2024-02-13T15:19:01Z",
        "rol": 4,
        "groups": [],
        "user_permissions": []
    }
},
{
    "model": "App_Farmacia.usuario",
    "pk": 12,
    "fields": {
        "password": "pbkdf2_sha256$600000$Ot0uqveauYesQyqTTSHkQn$mGGCTXn+9d/KbTbRt14nS+Vjmn6FHg76xLLEGBnB+Zw=",
        "last_login": "2024-02-13T15:22:42.166Z",
        "is_superuser": false,
        "username": "elvis_zhune",
        "first_name": "Elvis Zhune",
        "last_name": "",
        "email": "elvis@gmail.com",
        "is_staff": false,
        "is_active": true,
        "date_joined": "2024-02-13T15:20:41.845Z",
        "rol": 4,
        "groups": [],
        "user_permissions": []
    }
},
{
    "model": "App_Farmacia.usuario",
    "pk": 14,
    "fields": {
        "password": "pbkdf2_sha256$600000$VjbScMd5GVnNzZEgpfSQac$31JuR1ORuxEcO24a2Rl3iMRMbFDMdaB9rwYah2//5Qo=",
        "last_login": null,
        "is_superuser": false,
        "username": "LidiaVilela",
        "first_name": "Lidia Myriele",
        "last_name": "",
        "email": "lidinha@gmail.com",
        "is_staff": false,
        "is_active": true,
        "date_joined": "2024-02-27T00:16:56.024Z",
        "rol": 4,
        "groups": [],
        "user_permissions": []
    }
},
{
    "model": "App_Farmacia.usuario",
    "pk": 15,
    "fields": {
        "password": "pbkdf2_sha256$600000$81J8KYlY8UiCsHKCqqdgfj$XPqrPyNkrAIdIq2K4q6bQry7RbmlFfcQMBvOdruQ4JA=",
        "last_login": null,
        "is_superuser": false,
        "username": "prueba",
        "first_name": "prueba",
        "last_name": "",
        "email": "prueba@gmail.com",
        "is_staff": false,
        "is_active": true,
        "date_joined": "2024-02-28T10:48:31.880Z",
        "rol": 4,
        "groups": [],
        "user_permissions": []
    }
},
{
    "model": "App_Farmacia.usuario",
    "pk": 16,
    "fields": {
        "password": "pbkdf2_sha256$600000$rFRgh4EpOvgo0WLp4A0v8g$rsLdgk0Vubf8KxEh2YP8MdklBr/XrDYIO4M8W035Omo=",
        "last_login": null,
        "is_superuser": false,
        "username": "alvaro",
        "first_name": "Alvaro",
        "last_name": "",
        "email": "alvaro@gmail.com",
        "is_staff": false,
        "is_active": true,
        "date_joined": "2024-02-28T19:13:22.398Z",
        "rol": 4,
        "groups": [],
        "user_permissions": []
    }
},
{
    "model": "App_Farmacia.usuario",
    "pk": 17,
    "fields": {
        "password": "pbkdf2_sha256$600000$XgEnyqzWXWw3PDBh6bxJ7c$XoRCaJDyJcP0pnPsKw6DZX6jrxDPa/avvI9CELlRiYo=",
        "last_login": null,
        "is_superuser": false,
        "username": "alberto",
        "first_name": "alberto",
        "last_name": "",
        "email": "alberto@gmail.com",
        "is_staff": false,
        "is_active": true,
        "date_joined": "2024-02-28T20:02:15.282Z",
        "rol": 4,
        "groups": [],
        "user_permissions": []
    }
},
{
    "model": "App_Farmacia.usuario",
    "pk": 18,
    "fields": {
        "password": "pbkdf2_sha256$600000$qI7dvcLrStFdHFaCJcud6R$59OuR0gks7In2V1b75eb2UXTX07twMpnBVuW/lgVDXk=",
        "last_login": null,
        "is_superuser": false,
        "username": "probando",
        "first_name": "probandoo",
        "last_name": "",
        "email": "probando@gmail.com",
        "is_staff": false,
        "is_active": true,
        "date_joined": "2024-02-28T20:10:35.609Z",
        "rol": 4,
        "groups": [],
        "user_permissions": []
    }
},
{
    "model": "App_Farmacia.usuario",
    "pk": 19,
    "fields": {
        "password": "pbkdf2_sha256$600000$k6knY5CJpd5aWIBJrkgAUx$xZKEEdH3f3LYI+0mSWZBY80sfWfOxD4YV4qtLhTh/x0=",
        "last_login": null,
        "is_superuser": false,
        "username": "hola",
        "first_name": "hola",
        "last_name": "",
        "email": "hola@gmail.com",
        "is_staff": false,
        "is_active": true,
        "date_joined": "2024-02-28T20:25:12.407Z",
        "rol": 4,
        "groups": [],
        "user_permissions": []
    }
},
{
    "model": "App_Farmacia.usuario",
    "pk": 20,
    "fields": {
        "password": "pbkdf2_sha256$600000$VE5p6e6SKAhNOX5Q7LWRiT$tPT3WjoXDQVjI19ZVnBVUL6r4TuCcYZqNkUjlFDhvtw=",
        "last_login": null,
        "is_superuser": false,
        "username": "nuevo",
        "first_name": "nuevo",
        "last_name": "",
        "email": "nuevo@gmial.com",
        "is_staff": false,
        "is_active": true,
        "date_joined": "2024-02-28T20:26:33.562Z",
        "rol": 4,
        "groups": [
            1
        ],
        "user_permissions": []
    }
},
{
    "model": "App_Farmacia.usuario",
    "pk": 21,
    "fields": {
        "password": "ordenador4",
        "last_login": null,
        "is_superuser": false,
        "username": "empleado",
        "first_name": "Empleado",
        "last_name": "Empleado",
        "email": "empleado@gmail.com",
        "is_staff": false,
        "is_active": true,
        "date_joined": "2024-02-28T20:28:16Z",
        "rol": 3,
        "groups": [
            4
        ],
        "user_permissions": []
    }
},
{
    "model": "App_Farmacia.usuario",
    "pk": 22,
    "fields": {
        "password": "pbkdf2_sha256$600000$Smh0OK7afiWcAA56l2porv$P5XhdGWP7jwwNKfnhsnWxD1r6mdsCgoFZNFN1ijIzOQ=",
        "last_login": null,
        "is_superuser": false,
        "username": "cliente",
        "first_name": "Cliente",
        "last_name": "",
        "email": "cliente@gmail.com",
        "is_staff": false,
        "is_active": true,
        "date_joined": "2024-03-09T12:45:00.796Z",
        "rol": 2,
        "groups": [
            3
        ],
        "user_permissions": []
    }
},
{
    "model": "App_Farmacia.usuario",
    "pk": 23,
    "fields": {
        "password": "pbkdf2_sha256$600000$qvhcYS4CMkqG1yPXnZSL7q$cSjhccK7xnY7lM6iMZJrkF9ahGqxr7Vc6ErYogA5vxY=",
        "last_login": null,
        "is_superuser": false,
        "username": "cliente2",
        "first_name": "adadsad",
        "last_name": "",
        "email": "asdada@gmail.com",
        "is_staff": false,
        "is_active": true,
        "date_joined": "2024-03-09T17:10:47.394Z",
        "rol": 2,
        "groups": [
            3
        ],
        "user_permissions": []
    }
},
{
    "model": "App_Farmacia.farmacia",
    "pk": 1,
    "fields": {
        "nombre_farm": "San Martín",
        "direccion_farm": "Calle San Martín, 123",
        "telefono_farm": 678456789
    }
},
{
    "model": "App_Farmacia.farmacia",
    "pk": 2,
    "fields": {
        "nombre_farm": "Santa Clara",
        "direccion_farm": "Avenida Santa Clara, 456",
        "telefono_farm": 679987654
    }
},
{
    "model": "App_Farmacia.farmacia",
    "pk": 3,
    "fields": {
        "nombre_farm": "El Sol",
        "direccion_farm": "Plaza del Sol, 789",
        "telefono_farm": 697123456
    }
},
{
    "model": "App_Farmacia.farmacia",
    "pk": 4,
    "fields": {
        "nombre_farm": "La Esperanza",
        "direccion_farm": "Calle Esperanza, 234",
        "telefono_farm": 679345678
    }
},
{
    "model": "App_Farmacia.farmacia",
    "pk": 5,
    "fields": {
        "nombre_farm": "San José",
        "direccion_farm": "Avenida San José, 567",
        "telefono_farm": 676890123
    }
},
{
    "model": "App_Farmacia.farmacia",
    "pk": 6,
    "fields": {
        "nombre_farm": "La Salud",
        "direccion_farm": "Calle de la Salud, 890",
        "telefono_farm": 697234567
    }
},
{
    "model": "App_Farmacia.farmacia",
    "pk": 7,
    "fields": {
        "nombre_farm": "El Bienestar",
        "direccion_farm": "Plaza del Bienestar, 123",
        "telefono_farm": 679456789
    }
},
{
    "model": "App_Farmacia.farmacia",
    "pk": 8,
    "fields": {
        "nombre_farm": "La Paz",
        "direccion_farm": "Avenida de la Paz, 456",
        "telefono_farm": 679567890
    }
},
{
    "model": "App_Farmacia.farmacia",
    "pk": 9,
    "fields": {
        "nombre_farm": "Nuestra Señora de Guadalupe",
        "direccion_farm": "Calle Nuestra Señora de Guadalupe, 789",
        "telefono_farm": 697678901
    }
},
{
    "model": "App_Farmacia.farmacia",
    "pk": 10,
    "fields": {
        "nombre_farm": "La Amistad",
        "direccion_farm": "Plaza de la Amistad, 234",
        "telefono_farm": 679789012
    }
},
{
    "model": "App_Farmacia.gerente",
    "pk": 1,
    "fields": {
        "usuario": 2,
        "direccion_ger": "Calle San Martín, 123",
        "telefono_ger": 679123456,
        "salario_ger": 3000.0,
        "birthday_date": null,
        "gerente_farm": 1
    }
},
{
    "model": "App_Farmacia.gerente",
    "pk": 2,
    "fields": {
        "usuario": 3,
        "direccion_ger": "Avenida Santa Clara, 456",
        "telefono_ger": 679987654,
        "salario_ger": 3200.0,
        "birthday_date": null,
        "gerente_farm": 2
    }
},
{
    "model": "App_Farmacia.gerente",
    "pk": 3,
    "fields": {
        "usuario": 4,
        "direccion_ger": "Plaza del Sol, 789",
        "telefono_ger": 697123456,
        "salario_ger": 3100.0,
        "birthday_date": null,
        "gerente_farm": 3
    }
},
{
    "model": "App_Farmacia.gerente",
    "pk": 4,
    "fields": {
        "usuario": 5,
        "direccion_ger": "Calle Esperanza, 234",
        "telefono_ger": 679345678,
        "salario_ger": 3300.0,
        "birthday_date": null,
        "gerente_farm": 4
    }
},
{
    "model": "App_Farmacia.gerente",
    "pk": 5,
    "fields": {
        "usuario": 6,
        "direccion_ger": "Avenida San José, 567",
        "telefono_ger": 676890123,
        "salario_ger": 3100.0,
        "birthday_date": null,
        "gerente_farm": 5
    }
},
{
    "model": "App_Farmacia.gerente",
    "pk": 6,
    "fields": {
        "usuario": 7,
        "direccion_ger": "Calle de la Salud, 890",
        "telefono_ger": 697234567,
        "salario_ger": 3200.0,
        "birthday_date": null,
        "gerente_farm": 6
    }
},
{
    "model": "App_Farmacia.gerente",
    "pk": 7,
    "fields": {
        "usuario": 8,
        "direccion_ger": "Plaza del Bienestar, 123",
        "telefono_ger": 679456789,
        "salario_ger": 3100.0,
        "birthday_date": null,
        "gerente_farm": 7
    }
},
{
    "model": "App_Farmacia.gerente",
    "pk": 8,
    "fields": {
        "usuario": 9,
        "direccion_ger": "Avenida de la Paz, 456",
        "telefono_ger": 679567890,
        "salario_ger": 3200.0,
        "birthday_date": null,
        "gerente_farm": 8
    }
},
{
    "model": "App_Farmacia.gerente",
    "pk": 9,
    "fields": {
        "usuario": 10,
        "direccion_ger": "Calle Nuestra Señora de Guadalupe, 789",
        "telefono_ger": 697678901,
        "salario_ger": 3300.0,
        "birthday_date": null,
        "gerente_farm": 9
    }
},
{
    "model": "App_Farmacia.gerente",
    "pk": 10,
    "fields": {
        "usuario": 11,
        "direccion_ger": "Plaza de la Amistad, 234",
        "telefono_ger": 679789012,
        "salario_ger": 3100.0,
        "birthday_date": null,
        "gerente_farm": 10
    }
},
{
    "model": "App_Farmacia.gerente",
    "pk": 11,
    "fields": {
        "usuario": 12,
        "direccion_ger": "Calle Romeo y Julieta, 5",
        "telefono_ger": 666333000,
        "salario_ger": 2100.0,
        "birthday_date": null,
        "gerente_farm": null
    }
},
{
    "model": "App_Farmacia.empleado",
    "pk": 1,
    "fields": {
        "usuario": 21,
        "direccion_emp": "calle emp",
        "telefono_emp": 699888777,
        "birthday_date": null,
        "salario": 1024.0,
        "farm_emp": 2
    }
},
{
    "model": "App_Farmacia.proveedor",
    "pk": 1,
    "fields": {
        "nombre_prov": "Laboratorios PharmaPlus",
        "direccion_prov": "Calle PharmaPlus, 123"
    }
},
{
    "model": "App_Farmacia.proveedor",
    "pk": 2,
    "fields": {
        "nombre_prov": "Laboratorios GastroPharm",
        "direccion_prov": "Avenida GastroPharm, 456"
    }
},
{
    "model": "App_Farmacia.proveedor",
    "pk": 3,
    "fields": {
        "nombre_prov": "Laboratorios MediCare",
        "direccion_prov": "Plaza MediCare, 789"
    }
},
{
    "model": "App_Farmacia.proveedor",
    "pk": 4,
    "fields": {
        "nombre_prov": "Laboratorios AllergyCare",
        "direccion_prov": "Calle AllergyCare, 234"
    }
},
{
    "model": "App_Farmacia.proveedor",
    "pk": 5,
    "fields": {
        "nombre_prov": "Laboratorios OralGuard",
        "direccion_prov": "Avenida OralGuard, 567"
    }
},
{
    "model": "App_Farmacia.proveedor",
    "pk": 6,
    "fields": {
        "nombre_prov": "Laboratorios Cardiovita",
        "direccion_prov": "Plaza Cardiovita, 890"
    }
},
{
    "model": "App_Farmacia.proveedor",
    "pk": 7,
    "fields": {
        "nombre_prov": "Laboratorios RespiraPlus",
        "direccion_prov": "Calle RespiraPlus, 123"
    }
},
{
    "model": "App_Farmacia.proveedor",
    "pk": 8,
    "fields": {
        "nombre_prov": "Laboratorios GastroCare",
        "direccion_prov": "Avenida GastroCare, 456"
    }
},
{
    "model": "App_Farmacia.proveedor",
    "pk": 9,
    "fields": {
        "nombre_prov": "Laboratorios NutriPharma",
        "direccion_prov": "Plaza NutriPharma, 789"
    }
},
{
    "model": "App_Farmacia.proveedor",
    "pk": 10,
    "fields": {
        "nombre_prov": "Laboratorios Dermacare",
        "direccion_prov": "Calle Dermacare, 234"
    }
},
{
    "model": "App_Farmacia.producto",
    "pk": 1,
    "fields": {
        "imagen_prod": "productos/ibuprofeno.jpg",
        "nombre_prod": "Ibuprofeno 400mg",
        "descripcion": "Analgésico y antiinflamatorio no esteroideo (AINE) utilizado para aliviar el dolor y reducir la inflamación.",
        "precio": "5.99",
        "stock": 1,
        "farmacia_prod": 1
    }
},
{
    "model": "App_Farmacia.producto",
    "pk": 2,
    "fields": {
        "imagen_prod": "productos/omeprazol.jpeg",
        "nombre_prod": "Omeprazol 20mg",
        "descripcion": "Inhibidor de la bomba de protones (IBP) utilizado para tratar la acidez estomacal, la indigestión y el reflujo ácido.",
        "precio": "8.49",
        "stock": 13,
        "farmacia_prod": 2
    }
},
{
    "model": "App_Farmacia.producto",
    "pk": 3,
    "fields": {
        "imagen_prod": "productos/Paracetamol.jpg",
        "nombre_prod": "Paracetamol 500mg",
        "descripcion": "Analgésico y antipirético utilizado para aliviar el dolor y reducir la fiebre.",
        "precio": "3.25",
        "stock": 2,
        "farmacia_prod": 3
    }
},
{
    "model": "App_Farmacia.producto",
    "pk": 4,
    "fields": {
        "imagen_prod": "productos/Loratadina.png",
        "nombre_prod": "Loratadina 10mg",
        "descripcion": "Antihistamínico utilizado para aliviar los síntomas de la alergia, como la congestión nasal y la picazón en los ojos.",
        "precio": "6.75",
        "stock": 7,
        "farmacia_prod": 4
    }
},
{
    "model": "App_Farmacia.producto",
    "pk": 5,
    "fields": {
        "imagen_prod": "productos/Clorhexidina.jpg",
        "nombre_prod": "Clorhexidina en enjuague bucal",
        "descripcion": "Antiséptico bucal utilizado para prevenir la placa bacteriana y la gingivitis.",
        "precio": "7.99",
        "stock": 5,
        "farmacia_prod": 5
    }
},
{
    "model": "App_Farmacia.producto",
    "pk": 6,
    "fields": {
        "imagen_prod": "productos/Simvastatina20mg.jpg",
        "nombre_prod": "Simvastatina 20mg",
        "descripcion": "Estatina utilizada para reducir los niveles de colesterol en sangre y prevenir enfermedades cardiovasculares.",
        "precio": "9.99",
        "stock": 11,
        "farmacia_prod": 6
    }
},
{
    "model": "App_Farmacia.producto",
    "pk": 7,
    "fields": {
        "imagen_prod": "productos/Salbutamol.jpg",
        "nombre_prod": "Salbutamol (Ventolin) inhalador",
        "descripcion": "Broncodilatador utilizado para aliviar los síntomas del asma y otras enfermedades respiratorias.",
        "precio": "12.50",
        "stock": 9,
        "farmacia_prod": 7
    }
},
{
    "model": "App_Farmacia.producto",
    "pk": 8,
    "fields": {
        "imagen_prod": "productos/Ranitidina.jpg",
        "nombre_prod": "Ranitidina 150mg",
        "descripcion": "Antagonista de los receptores H2 utilizado para tratar la acidez estomacal y las úlceras pépticas.",
        "precio": "4.99",
        "stock": 1,
        "farmacia_prod": 8
    }
},
{
    "model": "App_Farmacia.producto",
    "pk": 9,
    "fields": {
        "imagen_prod": "productos/Multivitaminico.jpg",
        "nombre_prod": "Multivitamínico Centrum",
        "descripcion": "Suplemento vitamínico y mineral utilizado para cubrir las necesidades nutricionales diarias.",
        "precio": "15.99",
        "stock": 5,
        "farmacia_prod": 9
    }
},
{
    "model": "App_Farmacia.producto",
    "pk": 10,
    "fields": {
        "imagen_prod": "productos/Hidrocortisona.jpg",
        "nombre_prod": "Crema de hidrocortisona 1%",
        "descripcion": "Corticosteroide tópico utilizado para aliviar la picazón, inflamación y enrojecimiento de la piel causados por irritaciones menores.",
        "precio": "6.25",
        "stock": 3,
        "farmacia_prod": 10
    }
},
{
    "model": "App_Farmacia.prospecto",
    "pk": 1,
    "fields": {
        "producto": 1,
        "detalles": "Si es alérgico (hipersensible) al ibuprofeno, a otros medicamentos del grupo de los antiinflamatorios no esteroideos (AINEs), a la aspirina o a cualquiera de los demás componentes de este medicamento. Las reacciones que indican la alergia podrían ser: erupción cutánea con picor, hinchazón de la cara, labios o lengua, secreción nasal, dificultad respiratoria o asma.\r\n\r\nConsulte a su médico, farmacéutico o enfermero antes de empezar a tomar este medicamento.",
        "composicion": "Composición y presentación:\r\n\r\nCada comprimido contiene:\r\n\r\nIbuprofeno 400 mg\r\n\r\nExcipientes: Almidón de maíz, almidón pregelatinizado, sodio almidón glicolato, ácido esteárico,\r\ndióxido de silicio coloidal, povidona.",
        "modo_de_uso": "Siga exactamente las instrucciones de administración de Ibuprofeno indicadas por su médico. \r\n\r\nSu médico le indicará la duración del tratamiento con Ibuprofeno. No suspenda el tratamiento antes, ya que entonces no se obtendrían los resultados esperados. Del mismo modo tampoco emplee Ibuprofeno más tiempo del indicado por su médico.\r\n\r\nSe debe utilizar la dosis eficaz más baja durante el menor tiempo necesario para aliviar los síntomas. Si tiene una infección, consulte sin demora a un médico si los síntomas (como fiebre y dolor) persisten o empeoran (ver sección 2).\r\n \r\n\r\nEste medicamento se administra por vía oral. Los pacientes con molestias de estómago deben tomar el medicamento con leche y/o durante las comidas."
    }
},
{
    "model": "App_Farmacia.prospecto",
    "pk": 2,
    "fields": {
        "producto": 2,
        "detalles": "Si es alérgico al omeprazol o a alguno de los demás componentes de este medicamento .\r\nSi es alérgico a medicamentos que contengan inhibidores de la bomba de protones (p. ej., pantoprazol, lansoprazol, rabeprazol, esomeprazol).\r\nSi está tomando un medicamento que contenga nelfinavir (usado para la infección por VIH).\r\nNo tome omeprazol si se encuentra entre alguno de los casos anteriores. Si no está seguro, hable con su médico o farmacéutico antes de tomar omeprazol.",
        "composicion": "Contenido de la cápsula: esferas de azúcar (contienen almidón de maíz y sacarosa), hipromelosa, fosfato disódico dihidrato, talco, dióxido de titanio (E-171), copolímero de ácido metacrílico y acrilato de etilo (1:1) dispersión de, al 30% (laurilsulfato de sodio, polisorbato 80, copolímero de ácido metacrílico y acrilato de etilo) y trietilcitrato.\r\n\r\nCuerpo y tapa de la cápsula: dióxido de titanio (E-171), agua purificada, gelatina.\r\n\r\nTinta de impresión: tinta de impresión negra (conteniendo Shellac, alcohol etílico, alcohol isopropílico, propilenglicol, N-butil alcohol, hidróxido amónico, hidróxido potásico, agua purificada, óxido de hierro negro (E-172)).",
        "modo_de_uso": "Su médico le indicará cuántas cápsulas debe tomar y durante cuánto tiempo. Esto dependerá de su afección y de su edad.\r\n\r\nLa dosis habitual es de una cápsula diaria. Normalmente se aconseja tomarlo por la mañana y, a ser posible, alrededor de 30 minutos antes del desayuno. Es importante tragar las cápsulas enteras, sin masticar ni machacar su contenido."
    }
},
{
    "model": "App_Farmacia.prospecto",
    "pk": 3,
    "fields": {
        "producto": 3,
        "detalles": "Si es alérgico (hipersensible) al paracetamol o a cualquiera de los demás componentes de este medicamento.\r\n\r\nSi sufre alguna enfermedad del hígado.\r\n\r\nNo tomar más cantidad de medicamento que la recomendada.\r\n\r\nDebe evitarse el uso simultáneo de este medicamento con otros medicamentos que contengan paracetamol, por ejemplo medicamentos para la gripe y el catarro, ya que las dosis altas pueden dar lugar a daño en el hígado. No use más de un medicamento que contenga paracetamol sin consultar al médico.",
        "composicion": "El principio activo es paracetamol. Cada comprimido contiene 500 mg de paracetamol.\r\n\r\nLos demás componentes son: Povidona, almidón de maíz pregelatinizado y ácido esteárico.",
        "modo_de_uso": "Siga exactamente las instrucciones de administración del medicamento contenidas en este prospecto o las indicadas por su médico o farmacéutico. En caso de duda pregunte a su médico o farmacéutico.\r\n\r\nParacetamol debe tomarse por vía oral. El comprimido se puede dividir en dosis iguales. Los comprimidos se pueden ingerir directamente o partidos por la mitad con ayuda de un vaso de agua."
    }
},
{
    "model": "App_Farmacia.prospecto",
    "pk": 4,
    "fields": {
        "producto": 4,
        "detalles": "Si es alérgico a la loratadina o a alguno de los demás componentes de este medicamento .\r\n \r\nSi tiene una enfermedad de hígado.\r\n\r\nSi se le va a efectuar cualquier tipo de prueba cutánea para la alergia. No tome loratadina durante los 2 días previos a la realización de dichas pruebas, porque este medicamento puede alterar los resultados de las mismas.\r\n \r\nSi alguna de las anteriores condiciones le afecta (o no está seguro), consulte a su médico, farmacéutico o enfermero antes de tomar loratadina.",
        "composicion": "El principio activo es loratadina. Cada comprimido contiene 10 mg de loratadina.\r\nLos demás componentes son: lactosa monohidrato, almidón de maíz, povidona y estearato de magnesio.",
        "modo_de_uso": "Siga exactamente las instrucciones de administración de este medicamento indicadas por su médico. En caso de duda, consulte de nuevo a su médico o farmacéutico.\r\n\r\nLa dosis recomendada es:\r\n\r\nTome 1 comprimido 1 vez al día con un vaso de agua, con o sin alimentos.\r\n\r\nForma de administración:\r\n\r\nLos comprimidos se pueden tomar con independencia de las comidas.\r\n\r\nEl comprimido se puede partir en dosis iguales."
    }
},
{
    "model": "App_Farmacia.prospecto",
    "pk": 5,
    "fields": {
        "producto": 5,
        "detalles": "Consulte con el médico si nota los siguientes efectos secundarios menos graves:\r\nReacción alérgica: Comezón o ronchas, hinchazón del rostro o las manos, hinchazón u hormigueo en la boca o garganta, opresión en el pecho, dificultad para respirar\r\nMal sabor en la boca, o está alterado el sentido del gusto\r\nDientes, amalgamas o empastes, o dentaduras manchados\r\nDolor de muelas",
        "composicion": "Composición: Digluconato de Clorhexidina 0,12g. Xilitol 1,00g. Excipiente c.s.p. 100ml.",
        "modo_de_uso": "Cuando se utiliza correctamente la clorhexidina, puede ser una herramienta eficaz para ayudar a prevenir la propagación de infecciones. Sin embargo, la clorhexidina también puede causar irritación y manchas en los dientes si se utiliza de forma inadecuada. Por lo tanto, es importante entender cómo utilizar este producto correctamente y cuándo debe aplicarse. La clorhexidina se utiliza normalmente en forma de solución al 0,12% o al 0,20%. Puede aplicarse con un bastoncillo de algodón, un cepillo de dientes o un enjuague bucal."
    }
},
{
    "model": "App_Farmacia.prospecto",
    "pk": 6,
    "fields": {
        "producto": 6,
        "detalles": "Si es alérgico (hipersensible) a simvastatina o a cualquiera de los demás componentes de Simvastatina Pensa 20 mg.\r\nSi sufre enfermedad del hígado activa o tiene las transaminasas (enzimas del hígado) elevadas.\r\nSi está embarazada o en periodo de lactancia.",
        "composicion": "El principio activo es simvastatina. Cada comprimido recubierto con película contiene 20 mg de simvastatina.\r\nLos demás componentes son: lactosa monohidrato, celulosa microcristalina, almidón de maíz pregelatinizado, butilhidroxianisol (E320), ácido ascórbico, ácido cítrico, sílice coloidal anhidra, talco, estearato de magnesio, hipromelosa, óxido de hierro rojo (E172), óxido de hierro amarillo (E172), citrato de trietilo, dióxido de titanio (E171) y povidona.",
        "modo_de_uso": "Consulte a su médico o farmacéutico si tiene dudas.\r\n\r\nRecuerde tomar su medicamento.\r\n\r\nSu médico le indicará la duración de su tratamiento con Simvastatina Pensa 20 mg. No suspenda el tratamiento antes.\r\n\r\nLos comprimidos deben tomarse por la noche y pueden administrarse con agua o con o sin alimentos.\r\n\r\nLa dosis habitual de inicio es de 10 a 40 mg al día, administrados en una dosis única por la noche.\r\n\r\nSu médico puede ajustarle la dosis hasta un máximo de 80 mg al día, administrados en dosis única por la noche.\r\n\r\nSu médico puede recetarle dosis inferiores, sobre todo si está tomando ciertos medicamentos indicados anteriormente o padece ciertos trastornos de los riñones."
    }
},
{
    "model": "App_Farmacia.prospecto",
    "pk": 7,
    "fields": {
        "producto": 7,
        "detalles": "Consulte a su médico o farmacéutico antes de empezar a usar Ventolin.\r\nSi es alérgico a salbutamol o a cualquiera de los demás componentes de este medicamento (incluidos en la sección 6).\r\nSi lo usa para detener el parto prematuro no complicado o la amenaza de aborto.\r\n \r\nAdvertencias y precauciones:\r\n\r\nPadece problemas de tensión alta.\r\nTiene niveles bajos de potasio en sangre.",
        "composicion": "El principio activo es 100 microgramos de salbutamol (como salbutamol sulfato) por aplicación.\r\nLos demás componentes son norflurano (HFA134a).",
        "modo_de_uso": "En caso de duda, consulte de nuevo a su médico o farmacéutico.\r\n\r\nRecuerde usar su medicamento.\r\n\r\nSu médico le indicará la duración de su tratamiento con Ventolin. No suspenda el tratamiento antes.\r\n\r\nUso del inhalador:\r\n\r\n1. Quitar el protector de la boquilla apretando suavemente por los lados.\r\n\r\n2. Comprobar que no hay partículas extrañas por dentro y por fuera del inhalador, incluyendo la boquilla.\r\n\r\n3. Agitar bien el inhalador para asegurarse de que se elimina cualquier partícula extraña y que el contenido del inhalador se mezcla adecuadamente.\r\n\r\n4. Sujetar el inhalador verticalmente entre los dedos índice y pulgar, colocando el pulgar sobre la base, por debajo de la boquilla. Echar tanto aire como razonablemente se pueda.\r\n\r\n5. Introducir a continuación la boquilla en la boca, entre los dientes, cerrando los labios sobre el aparato, pero sin morderlo.\r\n\r\n6. Inmediatamente después de comenzar a tomar aire por la boca pulsar el inhalador para liberar el salbutamol, y continuar tomando aire profunda y constantemente.\r\n\r\n7. Contener la respiración, sacar el inhalador de la boca y quitar el dedo índice colocado en la parte superior del inhalador. Continuar conteniendo la respiración tanto como razonablemente se pueda.\r\n\r\n8. Si se va a administrar otra inhalación, mantener el inhalador vertical y esperar durante aproximadamente medio minuto antes de repetir los pasos 3 a 7.\r\n\r\n9. Colocar el protector de la boquilla empujando firmemente y cerrando de un golpe para que la tapa quede en su sitio."
    }
},
{
    "model": "App_Farmacia.prospecto",
    "pk": 8,
    "fields": {
        "producto": 8,
        "detalles": "Si es alérgico a ranitidina o a alguno de los componentes del medicamento.\r\nSi sufre una enfermedad llamada porfiria.\r\nSi padece alguna enfermedad del riñón.\r\nAdvertencias y precauciones:\r\n\r\nAntes de iniciar el tratamiento con Ranitidina Alter 150 mg comprimidos su médico deberá descartar la presencia de una enfermedad tumoral, ya que Ranitidina Alter 150 mg comprimidos puede aliviar los síntomas y enmascarar así el proceso tumoral.\r\nNo tome Ranitidina Alter 150 mg comprimidos para aliviar los síntomas de malas digestiones, ni otro tipo de síntomas menores.",
        "composicion": "El principio activo de este medicamentoes ranitidina. Cada comprimido contiene 150 mg de ranitidina en forma de hidrocloruro.\r\nLos demás componentes son celulosa microcristalina, estearato de magnesio, hipromelosa (E464), dióxido de titanio (E171) y triacetato de glicerol.",
        "modo_de_uso": "Siga exactamente las instrucciones de administración de ranitidina indicadas por su médico. Consulte a su médico o farmacéutico si tiene dudas.\r\n\r\nRecuerde tomar su medicamento.\r\n\r\nTragar cada comprimido de Ranitidina 150 mg comprimidos con la ayuda de un poco de agua. Si tiene dificultad al tragar los comprimidos, comuníqueselo al médico."
    }
},
{
    "model": "App_Farmacia.prospecto",
    "pk": 9,
    "fields": {
        "producto": 9,
        "detalles": "Las erupciones cutáneas, picazón, ardor, inflamación de la lengua o la garganta, hinchazón en el rostro, mareos intensos o dificultades para respirar o tragar son consideradas reacciones adversas graves. Si notas una o varias de ellas, suspende el multivitamínico y acude al centro hospitalario más cercano.",
        "composicion": "Cada comprimido recubierto contiene: Vitaminas: Vitamina A 400 mcg.; Vitamina D 5 mcg (equivalente a 200 U.I. de Vit. D), Vitamina E 10 mg (equivalente a 10 U.I .de Vit. E), Vitamina K 65 mcg, Vitamina C 45 mg, Tiamina B1 1.2 mg, Riboflavina B2 1.3 mg, Niacina 16 mg, Vitamina B6 1.3 mg, Vitamina B12 2.4 mcg, Acido Fólico 240 mcg, Acido Pantoténico 5 mg, Biotina 30 mcg. Minerales: Calcio 250 mg, Fósforo 125 mg, Yodo 32.5 mcg, Hierro 8.1 mg, Magnesio 100 mg, Cromo 17.5 mcg, Molibdeno 22.5 mcg, Selenio 20 mcg, Cobre 0.45 mg, Zinc 7 mg, Manganeso 1.2 mg. Excipientes c.s.",
        "modo_de_uso": "Tomar 1 comprimido recubierto (una porción) con un vaso de agua, preferentemente en las principales comidas. La formulación científicamente diseñada de Centrum en forma de comprimidos recubiertos es de fácil consumo."
    }
},
{
    "model": "App_Farmacia.prospecto",
    "pk": 10,
    "fields": {
        "producto": 10,
        "detalles": "Si es alérgico a la hidrocortisona,o a alguno de los demás componentes de este medicamento (incluidos en la sección 6).\r\nSi padece tuberculosis, sífilis, o infecciones por virus (por ejemplo, varicela o herpes).",
        "composicion": "El principio activo es Hidrocortisona acetato. Cada gramo de pomada contiene 10 mg de hidrocortisona acetato (1 %).\r\nLos demás componentes son: lanolina y vaselina.",
        "modo_de_uso": "En caso de duda, consulte de nuevo a su médico o farmacéutico.\r\n\r\nLa dosis recomendada es:\r\n\r\nAplique una fina capa de la pomada en el área afectada, de dos a cuatro veces al día, dependiendo de la gravedad, mediante un suave masaje. Cuando se consiga una respuesta favorable, se puede reducir la frecuencia al mínimo necesario.\r\n\r\nEn general, la duración del tratamiento no debe ser mayor de 2 semanas. Si utiliza el medicamento en la cara, el tratamiento debe ser lo más corto posible."
    }
},
{
    "model": "App_Farmacia.suministroproducto",
    "pk": 1,
    "fields": {
        "fecha_sum": null,
        "cantidad": null,
        "costo_ud": null,
        "producto": 1,
        "proveedor": 1
    }
},
{
    "model": "App_Farmacia.suministroproducto",
    "pk": 2,
    "fields": {
        "fecha_sum": null,
        "cantidad": null,
        "costo_ud": null,
        "producto": 2,
        "proveedor": 2
    }
},
{
    "model": "App_Farmacia.suministroproducto",
    "pk": 3,
    "fields": {
        "fecha_sum": null,
        "cantidad": null,
        "costo_ud": null,
        "producto": 3,
        "proveedor": 3
    }
},
{
    "model": "App_Farmacia.suministroproducto",
    "pk": 4,
    "fields": {
        "fecha_sum": null,
        "cantidad": null,
        "costo_ud": null,
        "producto": 4,
        "proveedor": 4
    }
},
{
    "model": "App_Farmacia.suministroproducto",
    "pk": 5,
    "fields": {
        "fecha_sum": null,
        "cantidad": null,
        "costo_ud": null,
        "producto": 5,
        "proveedor": 5
    }
},
{
    "model": "App_Farmacia.suministroproducto",
    "pk": 6,
    "fields": {
        "fecha_sum": null,
        "cantidad": null,
        "costo_ud": null,
        "producto": 6,
        "proveedor": 6
    }
},
{
    "model": "App_Farmacia.suministroproducto",
    "pk": 7,
    "fields": {
        "fecha_sum": null,
        "cantidad": null,
        "costo_ud": null,
        "producto": 7,
        "proveedor": 7
    }
},
{
    "model": "App_Farmacia.suministroproducto",
    "pk": 8,
    "fields": {
        "fecha_sum": null,
        "cantidad": null,
        "costo_ud": null,
        "producto": 8,
        "proveedor": 8
    }
},
{
    "model": "App_Farmacia.suministroproducto",
    "pk": 9,
    "fields": {
        "fecha_sum": null,
        "cantidad": null,
        "costo_ud": null,
        "producto": 9,
        "proveedor": 9
    }
},
{
    "model": "App_Farmacia.suministroproducto",
    "pk": 10,
    "fields": {
        "fecha_sum": null,
        "cantidad": null,
        "costo_ud": null,
        "producto": 10,
        "proveedor": 10
    }
},
{
    "model": "App_Farmacia.cliente",
    "pk": 1,
    "fields": {
        "usuario": 20,
        "direccion_cli": null,
        "telefono_cli": null,
        "birthday_date": "2024-03-08",
        "productos_favoritos": [
            1
        ]
    }
},
{
    "model": "App_Farmacia.cliente",
    "pk": 2,
    "fields": {
        "usuario": 22,
        "direccion_cli": "Calle don francisquin",
        "telefono_cli": 690321111,
        "birthday_date": "2000-03-09",
        "productos_favoritos": []
    }
},
{
    "model": "App_Farmacia.cliente",
    "pk": 3,
    "fields": {
        "usuario": 23,
        "direccion_cli": "Calle don francisquin",
        "telefono_cli": 677888777,
        "birthday_date": "2008-03-09",
        "productos_favoritos": []
    }
},
{
    "model": "App_Farmacia.promocion",
    "pk": 2,
    "fields": {
        "nombre_promo": "Feliz Cumpleaños",
        "descripcion_promo": "¡Felicidades! Esperamos que disfrute de una promoción especial por su cumpleaños.",
        "valor_promo": 10,
        "fecha_fin_promo": null,
        "cliente_promo": []
    }
},
{
    "model": "App_Farmacia.carritocompra",
    "pk": 1,
    "fields": {
        "usuario": 22,
        "realizado": false
    }
},
{
    "model": "App_Farmacia.carritocompra",
    "pk": 2,
    "fields": {
        "usuario": 23,
        "realizado": false
    }
},
{
    "model": "App_Farmacia.usuariocarrito",
    "pk": 4,
    "fields": {
        "carrito": 1,
        "producto": 7,
        "cantidad_producto": 1
    }
},
{
    "model": "App_Farmacia.usuariocarrito",
    "pk": 5,
    "fields": {
        "carrito": 1,
        "producto": 8,
        "cantidad_producto": 1
    }
},
{
    "model": "App_Farmacia.usuariocarrito",
    "pk": 6,
    "fields": {
        "carrito": 1,
        "producto": 6,
        "cantidad_producto": 1
    }
},
{
    "model": "App_Farmacia.usuariocarrito",
    "pk": 7,
    "fields": {
        "carrito": 1,
        "producto": 1,
        "cantidad_producto": 1
    }
},
{
    "model": "App_Farmacia.tratamiento",
    "pk": 1,
    "fields": {
        "cliente": 2,
        "producto": 1,
        "veces_al_dia": 3,
        "fecha_inicio": "2024-03-10",
        "fecha_fin": "2024-03-11",
        "activo": true
    }
},
{
    "model": "App_Farmacia.tratamiento",
    "pk": 3,
    "fields": {
        "cliente": 2,
        "producto": 3,
        "veces_al_dia": 2,
        "fecha_inicio": "2025-03-10",
        "fecha_fin": "2025-03-10",
        "activo": true
    }
},
{
    "model": "App_Farmacia.tratamiento",
    "pk": 4,
    "fields": {
        "cliente": 1,
        "producto": 5,
        "veces_al_dia": 2,
        "fecha_inicio": "2024-03-10",
        "fecha_fin": "2024-03-10",
        "activo": true
    }
},
{
    "model": "oauth2_provider.application",
    "pk": 1,
    "fields": {
        "client_id": "mi_aplicacion",
        "user": 1,
        "redirect_uris": "",
        "post_logout_redirect_uris": "",
        "client_type": "confidential",
        "authorization_grant_type": "password",
        "client_secret": "pbkdf2_sha256$600000$IE04dSJSo2infBgRPxMk8h$S8GbwMA09Mbwb8wFWmk1VD6ksltMMK+g4MsAcrA4ODs=",
        "name": "API Farmacia",
        "skip_authorization": false,
        "created": "2024-02-26T23:31:03.612Z",
        "updated": "2024-02-26T23:31:03.612Z",
        "algorithm": ""
    }
},
{
    "model": "oauth2_provider.accesstoken",
    "pk": 1,
    "fields": {
        "user": 1,
        "source_refresh_token": null,
        "token": "kOp6X3zzqgxF2FrAWXzaVBs8ojuCVX",
        "id_token": null,
        "application": 1,
        "expires": "2035-07-25T15:31:09.252Z",
        "scope": "read write groups",
        "created": "2024-02-26T23:31:09.252Z",
        "updated": "2024-02-26T23:31:09.252Z"
    }
},
{
    "model": "oauth2_provider.accesstoken",
    "pk": 2,
    "fields": {
        "user": 1,
        "source_refresh_token": null,
        "token": "SmgKcr57JSQ2KzUmRFmEEd8F7H9hMY",
        "id_token": null,
        "application": 1,
        "expires": "2035-07-25T16:14:52.361Z",
        "scope": "read write groups",
        "created": "2024-02-27T00:14:52.361Z",
        "updated": "2024-02-27T00:14:52.361Z"
    }
},
{
    "model": "oauth2_provider.accesstoken",
    "pk": 3,
    "fields": {
        "user": 14,
        "source_refresh_token": null,
        "token": "Uu5zmM44ArDRVllgeq4ZxHuGJ5b0Pl",
        "id_token": null,
        "application": 1,
        "expires": "2035-07-25T16:16:56.336Z",
        "scope": "read write groups",
        "created": "2024-02-27T00:16:56.336Z",
        "updated": "2024-02-27T00:16:56.336Z"
    }
},
{
    "model": "oauth2_provider.accesstoken",
    "pk": 4,
    "fields": {
        "user": 1,
        "source_refresh_token": null,
        "token": "SkHd51GsGrtusb3oG1MkljfgBw8OFS",
        "id_token": null,
        "application": 1,
        "expires": "2035-07-25T17:21:58.505Z",
        "scope": "read write groups",
        "created": "2024-02-27T01:21:58.505Z",
        "updated": "2024-02-27T01:21:58.505Z"
    }
},
{
    "model": "oauth2_provider.accesstoken",
    "pk": 5,
    "fields": {
        "user": 15,
        "source_refresh_token": null,
        "token": "hGsFlESwOxuBvAejtDenhcKNLsq3uj",
        "id_token": null,
        "application": 1,
        "expires": "2035-07-27T02:48:32.242Z",
        "scope": "read write groups",
        "created": "2024-02-28T10:48:32.242Z",
        "updated": "2024-02-28T10:48:32.242Z"
    }
},
{
    "model": "oauth2_provider.accesstoken",
    "pk": 6,
    "fields": {
        "user": 1,
        "source_refresh_token": null,
        "token": "vcRWuYF3VDPtECfPhYLpjC69SN1aOA",
        "id_token": null,
        "application": 1,
        "expires": "2035-07-27T02:52:43.720Z",
        "scope": "read write groups",
        "created": "2024-02-28T10:52:43.721Z",
        "updated": "2024-02-28T10:52:43.721Z"
    }
},
{
    "model": "oauth2_provider.accesstoken",
    "pk": 7,
    "fields": {
        "user": 15,
        "source_refresh_token": null,
        "token": "jS7s9zmFE1ct506QfjHLhR6DCDzt5Q",
        "id_token": null,
        "application": 1,
        "expires": "2035-07-27T02:56:29.884Z",
        "scope": "read write groups",
        "created": "2024-02-28T10:56:29.884Z",
        "updated": "2024-02-28T10:56:29.884Z"
    }
},
{
    "model": "oauth2_provider.accesstoken",
    "pk": 8,
    "fields": {
        "user": 1,
        "source_refresh_token": null,
        "token": "fkSZ57kEUBibTsdRJvU6B7AYEmyMKz",
        "id_token": null,
        "application": 1,
        "expires": "2035-07-27T03:08:25.573Z",
        "scope": "read write groups",
        "created": "2024-02-28T11:08:25.574Z",
        "updated": "2024-02-28T11:08:25.574Z"
    }
},
{
    "model": "oauth2_provider.accesstoken",
    "pk": 9,
    "fields": {
        "user": 1,
        "source_refresh_token": null,
        "token": "Joq2pULbByPgp7rhWdPP38nDKcJg8G",
        "id_token": null,
        "application": 1,
        "expires": "2035-07-27T03:10:11.149Z",
        "scope": "read write groups",
        "created": "2024-02-28T11:10:11.149Z",
        "updated": "2024-02-28T11:10:11.149Z"
    }
},
{
    "model": "oauth2_provider.accesstoken",
    "pk": 10,
    "fields": {
        "user": 12,
        "source_refresh_token": null,
        "token": "MOkPFl7O1MOU2JcjkDBvlgzfnYi2u0",
        "id_token": null,
        "application": 1,
        "expires": "2035-07-27T03:10:27.756Z",
        "scope": "read write groups",
        "created": "2024-02-28T11:10:27.756Z",
        "updated": "2024-02-28T11:10:27.756Z"
    }
},
{
    "model": "oauth2_provider.accesstoken",
    "pk": 11,
    "fields": {
        "user": 15,
        "source_refresh_token": null,
        "token": "ySqHu75pNiTSLSa6JHHUvGhI11uUQe",
        "id_token": null,
        "application": 1,
        "expires": "2035-07-27T03:15:00.261Z",
        "scope": "read write groups",
        "created": "2024-02-28T11:15:00.261Z",
        "updated": "2024-02-28T11:15:00.261Z"
    }
},
{
    "model": "oauth2_provider.accesstoken",
    "pk": 12,
    "fields": {
        "user": 12,
        "source_refresh_token": null,
        "token": "xWpdkBPgwyrCvZibxYor7rDsxpFg2y",
        "id_token": null,
        "application": 1,
        "expires": "2035-07-27T03:41:02.140Z",
        "scope": "read write groups",
        "created": "2024-02-28T11:41:02.140Z",
        "updated": "2024-02-28T11:41:02.140Z"
    }
},
{
    "model": "oauth2_provider.accesstoken",
    "pk": 13,
    "fields": {
        "user": 12,
        "source_refresh_token": null,
        "token": "9Q96X6dAJpklIKneP2csJ7IVBjaLvY",
        "id_token": null,
        "application": 1,
        "expires": "2035-07-27T07:33:00.402Z",
        "scope": "read write groups",
        "created": "2024-02-28T15:33:00.402Z",
        "updated": "2024-02-28T15:33:00.402Z"
    }
},
{
    "model": "oauth2_provider.accesstoken",
    "pk": 14,
    "fields": {
        "user": 12,
        "source_refresh_token": null,
        "token": "dTTHdbRE0lsEupIw6QDiKoXiYF9b9A",
        "id_token": null,
        "application": 1,
        "expires": "2035-07-27T11:03:26.413Z",
        "scope": "read write groups",
        "created": "2024-02-28T19:03:26.413Z",
        "updated": "2024-02-28T19:03:26.413Z"
    }
},
{
    "model": "oauth2_provider.accesstoken",
    "pk": 15,
    "fields": {
        "user": 12,
        "source_refresh_token": null,
        "token": "P4w9YtQ9rmrbFOcqpyOZP4XLPHtPo5",
        "id_token": null,
        "application": 1,
        "expires": "2035-07-27T11:12:38.293Z",
        "scope": "read write groups",
        "created": "2024-02-28T19:12:38.293Z",
        "updated": "2024-02-28T19:12:38.293Z"
    }
},
{
    "model": "oauth2_provider.accesstoken",
    "pk": 16,
    "fields": {
        "user": 16,
        "source_refresh_token": null,
        "token": "2bG97tKuzB7jumgJANNvLWrcQmABSC",
        "id_token": null,
        "application": 1,
        "expires": "2035-07-27T11:13:22.763Z",
        "scope": "read write groups",
        "created": "2024-02-28T19:13:22.763Z",
        "updated": "2024-02-28T19:13:22.763Z"
    }
},
{
    "model": "oauth2_provider.accesstoken",
    "pk": 17,
    "fields": {
        "user": 16,
        "source_refresh_token": null,
        "token": "j9fOr8K0dfUk6BhABFxqqezXIvbSLs",
        "id_token": null,
        "application": 1,
        "expires": "2035-07-27T11:24:14.501Z",
        "scope": "read write groups",
        "created": "2024-02-28T19:24:14.502Z",
        "updated": "2024-02-28T19:24:14.502Z"
    }
},
{
    "model": "oauth2_provider.accesstoken",
    "pk": 18,
    "fields": {
        "user": 16,
        "source_refresh_token": null,
        "token": "nN6IybmizssYWKsJTLSdXl04p94bmb",
        "id_token": null,
        "application": 1,
        "expires": "2035-07-27T11:57:48.256Z",
        "scope": "read write groups",
        "created": "2024-02-28T19:57:48.256Z",
        "updated": "2024-02-28T19:57:48.256Z"
    }
},
{
    "model": "oauth2_provider.accesstoken",
    "pk": 19,
    "fields": {
        "user": 18,
        "source_refresh_token": null,
        "token": "IeJ5Kut3VysylmlrZrgI0QTz1IgZTA",
        "id_token": null,
        "application": 1,
        "expires": "2035-07-27T12:10:43.604Z",
        "scope": "read write groups",
        "created": "2024-02-28T20:10:43.605Z",
        "updated": "2024-02-28T20:10:43.605Z"
    }
},
{
    "model": "oauth2_provider.accesstoken",
    "pk": 20,
    "fields": {
        "user": 19,
        "source_refresh_token": null,
        "token": "Ws0OY4VQyfhrHjd1G1dxgkfYPOTUmv",
        "id_token": null,
        "application": 1,
        "expires": "2035-07-27T12:25:58.082Z",
        "scope": "read write groups",
        "created": "2024-02-28T20:25:58.082Z",
        "updated": "2024-02-28T20:25:58.082Z"
    }
},
{
    "model": "oauth2_provider.accesstoken",
    "pk": 21,
    "fields": {
        "user": 20,
        "source_refresh_token": null,
        "token": "Pq9h4U7gg7oGlEWorSl3rn7we7bYe6",
        "id_token": null,
        "application": 1,
        "expires": "2035-07-27T12:26:42.409Z",
        "scope": "read write groups",
        "created": "2024-02-28T20:26:42.410Z",
        "updated": "2024-02-28T20:26:42.410Z"
    }
},
{
    "model": "oauth2_provider.accesstoken",
    "pk": 22,
    "fields": {
        "user": 20,
        "source_refresh_token": null,
        "token": "TROTQMpoldQQxYKFUHeUmdaueyEzHL",
        "id_token": null,
        "application": 1,
        "expires": "2035-07-27T12:29:49.429Z",
        "scope": "read write groups",
        "created": "2024-02-28T20:29:49.429Z",
        "updated": "2024-02-28T20:29:49.429Z"
    }
},
{
    "model": "oauth2_provider.accesstoken",
    "pk": 23,
    "fields": {
        "user": 1,
        "source_refresh_token": null,
        "token": "dP6x3kchtuTQnYCu7dFJFycfvKomGe",
        "id_token": null,
        "application": 1,
        "expires": "2035-08-04T15:34:02.471Z",
        "scope": "read write groups",
        "created": "2024-03-07T23:34:02.471Z",
        "updated": "2024-03-07T23:34:02.471Z"
    }
},
{
    "model": "oauth2_provider.accesstoken",
    "pk": 24,
    "fields": {
        "user": 1,
        "source_refresh_token": null,
        "token": "jT0WzLeNVtvyTf2sp3JGph6WtFaXAN",
        "id_token": null,
        "application": 1,
        "expires": "2035-08-04T17:21:41.186Z",
        "scope": "read write groups",
        "created": "2024-03-08T01:21:41.186Z",
        "updated": "2024-03-08T01:21:41.186Z"
    }
},
{
    "model": "oauth2_provider.accesstoken",
    "pk": 25,
    "fields": {
        "user": 22,
        "source_refresh_token": null,
        "token": "yS1qpsYKNIHtLmeManUOG1fcnd2IXZ",
        "id_token": null,
        "application": 1,
        "expires": "2035-08-06T04:45:01.322Z",
        "scope": "read write groups",
        "created": "2024-03-09T12:45:01.323Z",
        "updated": "2024-03-09T12:45:01.323Z"
    }
},
{
    "model": "oauth2_provider.accesstoken",
    "pk": 26,
    "fields": {
        "user": 22,
        "source_refresh_token": null,
        "token": "SLZ6jgvqxSfot7C5PPQbyI9GnXM3oU",
        "id_token": null,
        "application": 1,
        "expires": "2035-08-06T04:45:29.628Z",
        "scope": "read write groups",
        "created": "2024-03-09T12:45:29.629Z",
        "updated": "2024-03-09T12:45:29.629Z"
    }
},
{
    "model": "oauth2_provider.accesstoken",
    "pk": 27,
    "fields": {
        "user": 22,
        "source_refresh_token": null,
        "token": "OgbXaSBkBYMEoZshuLPlaqnlRf5cBD",
        "id_token": null,
        "application": 1,
        "expires": "2035-08-06T04:45:56.719Z",
        "scope": "read write groups",
        "created": "2024-03-09T12:45:56.719Z",
        "updated": "2024-03-09T12:45:56.719Z"
    }
},
{
    "model": "oauth2_provider.accesstoken",
    "pk": 28,
    "fields": {
        "user": 22,
        "source_refresh_token": null,
        "token": "aWIWMk15bTQ5cgvfVa4LS6Oy4BKtZY",
        "id_token": null,
        "application": 1,
        "expires": "2035-08-06T04:51:58.230Z",
        "scope": "read write groups",
        "created": "2024-03-09T12:51:58.231Z",
        "updated": "2024-03-09T12:51:58.231Z"
    }
},
{
    "model": "oauth2_provider.accesstoken",
    "pk": 29,
    "fields": {
        "user": 22,
        "source_refresh_token": null,
        "token": "xlbPwaJC81Q2GIDTaBbDP75R8nojQn",
        "id_token": null,
        "application": 1,
        "expires": "2035-08-06T04:52:27.138Z",
        "scope": "read write groups",
        "created": "2024-03-09T12:52:27.138Z",
        "updated": "2024-03-09T12:52:27.138Z"
    }
},
{
    "model": "oauth2_provider.accesstoken",
    "pk": 30,
    "fields": {
        "user": 22,
        "source_refresh_token": null,
        "token": "knTOk6PqCdPutVlqgz6aQOSd2qvrUs",
        "id_token": null,
        "application": 1,
        "expires": "2035-08-06T05:19:30.583Z",
        "scope": "read write groups",
        "created": "2024-03-09T13:19:30.584Z",
        "updated": "2024-03-09T13:19:30.584Z"
    }
},
{
    "model": "oauth2_provider.accesstoken",
    "pk": 31,
    "fields": {
        "user": 22,
        "source_refresh_token": null,
        "token": "8u4XJxtVNwhYIOvjvQElccUCpyhkpp",
        "id_token": null,
        "application": 1,
        "expires": "2035-08-06T05:21:24.010Z",
        "scope": "read write groups",
        "created": "2024-03-09T13:21:24.011Z",
        "updated": "2024-03-09T13:21:24.011Z"
    }
},
{
    "model": "oauth2_provider.accesstoken",
    "pk": 32,
    "fields": {
        "user": 22,
        "source_refresh_token": null,
        "token": "5I42kIs6FAuYMdOCg7zxFWOhi9i0bq",
        "id_token": null,
        "application": 1,
        "expires": "2035-08-06T05:26:44.019Z",
        "scope": "read write groups",
        "created": "2024-03-09T13:26:44.020Z",
        "updated": "2024-03-09T13:26:44.020Z"
    }
},
{
    "model": "oauth2_provider.accesstoken",
    "pk": 33,
    "fields": {
        "user": 22,
        "source_refresh_token": null,
        "token": "a11XnqtGsIgyos33s1JUkG9AV0scDI",
        "id_token": null,
        "application": 1,
        "expires": "2035-08-06T05:29:14.168Z",
        "scope": "read write groups",
        "created": "2024-03-09T13:29:14.168Z",
        "updated": "2024-03-09T13:29:14.168Z"
    }
},
{
    "model": "oauth2_provider.accesstoken",
    "pk": 34,
    "fields": {
        "user": 22,
        "source_refresh_token": null,
        "token": "JDN2xrm0eEKOBzbtU3pTa9WLci2GKD",
        "id_token": null,
        "application": 1,
        "expires": "2035-08-06T05:31:20.416Z",
        "scope": "read write groups",
        "created": "2024-03-09T13:31:20.417Z",
        "updated": "2024-03-09T13:31:20.417Z"
    }
},
{
    "model": "oauth2_provider.accesstoken",
    "pk": 35,
    "fields": {
        "user": 22,
        "source_refresh_token": null,
        "token": "auCJdwH0VCpsg4KubBckdwV3sN8riv",
        "id_token": null,
        "application": 1,
        "expires": "2035-08-06T05:31:34.369Z",
        "scope": "read write groups",
        "created": "2024-03-09T13:31:34.369Z",
        "updated": "2024-03-09T13:31:34.369Z"
    }
},
{
    "model": "oauth2_provider.accesstoken",
    "pk": 36,
    "fields": {
        "user": 22,
        "source_refresh_token": null,
        "token": "cVo9SZJGEmFuuKlCRjf5jZ6Ebr3TOA",
        "id_token": null,
        "application": 1,
        "expires": "2035-08-06T05:43:04.392Z",
        "scope": "read write groups",
        "created": "2024-03-09T13:43:04.392Z",
        "updated": "2024-03-09T13:43:04.393Z"
    }
},
{
    "model": "oauth2_provider.accesstoken",
    "pk": 37,
    "fields": {
        "user": 22,
        "source_refresh_token": null,
        "token": "W3ff7NUodRQyHTGjSYFOJzwbSzo2Nw",
        "id_token": null,
        "application": 1,
        "expires": "2035-08-06T05:48:43.065Z",
        "scope": "read write groups",
        "created": "2024-03-09T13:48:43.066Z",
        "updated": "2024-03-09T13:48:43.066Z"
    }
},
{
    "model": "oauth2_provider.accesstoken",
    "pk": 38,
    "fields": {
        "user": 22,
        "source_refresh_token": null,
        "token": "GYvyDQcs1kvyfixCO92wHR82RG3SlL",
        "id_token": null,
        "application": 1,
        "expires": "2035-08-06T05:49:57.329Z",
        "scope": "read write groups",
        "created": "2024-03-09T13:49:57.329Z",
        "updated": "2024-03-09T13:49:57.329Z"
    }
},
{
    "model": "oauth2_provider.accesstoken",
    "pk": 39,
    "fields": {
        "user": 22,
        "source_refresh_token": null,
        "token": "L9eULGsIvCd82A7eY9Dg3rMMdkDgo9",
        "id_token": null,
        "application": 1,
        "expires": "2035-08-06T05:50:43.284Z",
        "scope": "read write groups",
        "created": "2024-03-09T13:50:43.284Z",
        "updated": "2024-03-09T13:50:43.284Z"
    }
},
{
    "model": "oauth2_provider.accesstoken",
    "pk": 40,
    "fields": {
        "user": 22,
        "source_refresh_token": null,
        "token": "HPqknKKO0TIACzwb4dTjRy8q67YRMZ",
        "id_token": null,
        "application": 1,
        "expires": "2035-08-06T05:51:53.061Z",
        "scope": "read write groups",
        "created": "2024-03-09T13:51:53.061Z",
        "updated": "2024-03-09T13:51:53.061Z"
    }
},
{
    "model": "oauth2_provider.accesstoken",
    "pk": 41,
    "fields": {
        "user": 22,
        "source_refresh_token": null,
        "token": "2ywqJrkFV6fqj2JCv6VcEYC40EtVIs",
        "id_token": null,
        "application": 1,
        "expires": "2035-08-06T06:41:05.856Z",
        "scope": "read write groups",
        "created": "2024-03-09T14:41:05.857Z",
        "updated": "2024-03-09T14:41:05.857Z"
    }
},
{
    "model": "oauth2_provider.accesstoken",
    "pk": 42,
    "fields": {
        "user": 22,
        "source_refresh_token": null,
        "token": "TrUKYq70EAQKNfMqtlQZGsUmGTsj7A",
        "id_token": null,
        "application": 1,
        "expires": "2035-08-06T06:41:20.956Z",
        "scope": "read write groups",
        "created": "2024-03-09T14:41:20.956Z",
        "updated": "2024-03-09T14:41:20.956Z"
    }
},
{
    "model": "oauth2_provider.accesstoken",
    "pk": 43,
    "fields": {
        "user": 22,
        "source_refresh_token": null,
        "token": "CG31qwQwZc26SUXD3Ebz8H3UOjGOmk",
        "id_token": null,
        "application": 1,
        "expires": "2035-08-06T06:54:09.378Z",
        "scope": "read write groups",
        "created": "2024-03-09T14:54:09.379Z",
        "updated": "2024-03-09T14:54:09.379Z"
    }
},
{
    "model": "oauth2_provider.accesstoken",
    "pk": 44,
    "fields": {
        "user": 22,
        "source_refresh_token": null,
        "token": "yhdkTuibFDK32MK6AplJIwzor5Hs6T",
        "id_token": null,
        "application": 1,
        "expires": "2035-08-06T07:01:10.803Z",
        "scope": "read write groups",
        "created": "2024-03-09T15:01:10.803Z",
        "updated": "2024-03-09T15:01:10.803Z"
    }
},
{
    "model": "oauth2_provider.accesstoken",
    "pk": 45,
    "fields": {
        "user": 22,
        "source_refresh_token": null,
        "token": "KIy7Ly02ngFIosYC0cQYWu9lhmyrFC",
        "id_token": null,
        "application": 1,
        "expires": "2035-08-06T07:14:06.000Z",
        "scope": "read write groups",
        "created": "2024-03-09T15:14:06.001Z",
        "updated": "2024-03-09T15:14:06.001Z"
    }
},
{
    "model": "oauth2_provider.accesstoken",
    "pk": 46,
    "fields": {
        "user": 22,
        "source_refresh_token": null,
        "token": "nt0xoIXHS4eCRuwcA3YlwGhEPyiigN",
        "id_token": null,
        "application": 1,
        "expires": "2035-08-06T07:17:18.678Z",
        "scope": "read write groups",
        "created": "2024-03-09T15:17:18.678Z",
        "updated": "2024-03-09T15:17:18.678Z"
    }
},
{
    "model": "oauth2_provider.accesstoken",
    "pk": 47,
    "fields": {
        "user": 22,
        "source_refresh_token": null,
        "token": "TB9zFD8OW26tRbRkFcrHWiSVyHgkrk",
        "id_token": null,
        "application": 1,
        "expires": "2035-08-06T07:26:34.891Z",
        "scope": "read write groups",
        "created": "2024-03-09T15:26:34.892Z",
        "updated": "2024-03-09T15:26:34.892Z"
    }
},
{
    "model": "oauth2_provider.accesstoken",
    "pk": 48,
    "fields": {
        "user": 22,
        "source_refresh_token": null,
        "token": "hIyX0DNFkS5cVYeI2oXtEgh0SFjCzU",
        "id_token": null,
        "application": 1,
        "expires": "2035-08-06T07:32:18.358Z",
        "scope": "read write groups",
        "created": "2024-03-09T15:32:18.358Z",
        "updated": "2024-03-09T15:32:18.358Z"
    }
},
{
    "model": "oauth2_provider.accesstoken",
    "pk": 49,
    "fields": {
        "user": 22,
        "source_refresh_token": null,
        "token": "iKxNaju2UzSiWuGIN0SdsaUbaaDLT2",
        "id_token": null,
        "application": 1,
        "expires": "2035-08-06T07:32:41.815Z",
        "scope": "read write groups",
        "created": "2024-03-09T15:32:41.815Z",
        "updated": "2024-03-09T15:32:41.815Z"
    }
},
{
    "model": "oauth2_provider.accesstoken",
    "pk": 50,
    "fields": {
        "user": 22,
        "source_refresh_token": null,
        "token": "tc3CL2sIECvbRM4WFzFZ2CMfG77jeS",
        "id_token": null,
        "application": 1,
        "expires": "2035-08-06T07:33:11.641Z",
        "scope": "read write groups",
        "created": "2024-03-09T15:33:11.641Z",
        "updated": "2024-03-09T15:33:11.641Z"
    }
},
{
    "model": "oauth2_provider.accesstoken",
    "pk": 51,
    "fields": {
        "user": 22,
        "source_refresh_token": null,
        "token": "cdiDcZCcFzgO7Y1qtdnN8xl7c154aE",
        "id_token": null,
        "application": 1,
        "expires": "2035-08-06T07:45:55.614Z",
        "scope": "read write groups",
        "created": "2024-03-09T15:45:55.614Z",
        "updated": "2024-03-09T15:45:55.614Z"
    }
},
{
    "model": "oauth2_provider.accesstoken",
    "pk": 52,
    "fields": {
        "user": 22,
        "source_refresh_token": null,
        "token": "Iaa1jZxbxVnToey1FBh3OWLmSlaBiN",
        "id_token": null,
        "application": 1,
        "expires": "2035-08-06T07:48:41.898Z",
        "scope": "read write groups",
        "created": "2024-03-09T15:48:41.898Z",
        "updated": "2024-03-09T15:48:41.898Z"
    }
},
{
    "model": "oauth2_provider.accesstoken",
    "pk": 53,
    "fields": {
        "user": 22,
        "source_refresh_token": null,
        "token": "gLxyrHs8TfRn0zV16olhtVSHBvXaY1",
        "id_token": null,
        "application": 1,
        "expires": "2035-08-06T07:49:17.158Z",
        "scope": "read write groups",
        "created": "2024-03-09T15:49:17.158Z",
        "updated": "2024-03-09T15:49:17.158Z"
    }
},
{
    "model": "oauth2_provider.accesstoken",
    "pk": 54,
    "fields": {
        "user": 22,
        "source_refresh_token": null,
        "token": "GrQh7cEIU4Ip1wMHDmyVRPIDstxsha",
        "id_token": null,
        "application": 1,
        "expires": "2035-08-06T07:49:48.895Z",
        "scope": "read write groups",
        "created": "2024-03-09T15:49:48.895Z",
        "updated": "2024-03-09T15:49:48.895Z"
    }
},
{
    "model": "oauth2_provider.accesstoken",
    "pk": 55,
    "fields": {
        "user": 22,
        "source_refresh_token": null,
        "token": "Tjz6aHMdHBK6YVevD5kJMUZHsPiQOW",
        "id_token": null,
        "application": 1,
        "expires": "2035-08-06T07:50:35.561Z",
        "scope": "read write groups",
        "created": "2024-03-09T15:50:35.562Z",
        "updated": "2024-03-09T15:50:35.562Z"
    }
},
{
    "model": "oauth2_provider.accesstoken",
    "pk": 56,
    "fields": {
        "user": 22,
        "source_refresh_token": null,
        "token": "aZfwqymHNIUFZAhHV8xU37qCU2skgm",
        "id_token": null,
        "application": 1,
        "expires": "2035-08-06T07:51:16.844Z",
        "scope": "read write groups",
        "created": "2024-03-09T15:51:16.845Z",
        "updated": "2024-03-09T15:51:16.845Z"
    }
},
{
    "model": "oauth2_provider.accesstoken",
    "pk": 57,
    "fields": {
        "user": 22,
        "source_refresh_token": null,
        "token": "mQOIaCWiCj6pjE0IikUVcnEUHYp4N0",
        "id_token": null,
        "application": 1,
        "expires": "2035-08-06T07:52:26.373Z",
        "scope": "read write groups",
        "created": "2024-03-09T15:52:26.373Z",
        "updated": "2024-03-09T15:52:26.373Z"
    }
},
{
    "model": "oauth2_provider.accesstoken",
    "pk": 58,
    "fields": {
        "user": 22,
        "source_refresh_token": null,
        "token": "pxAuYe6S6fYkKaf5YbXjsA2if0CJNX",
        "id_token": null,
        "application": 1,
        "expires": "2035-08-06T07:52:56.487Z",
        "scope": "read write groups",
        "created": "2024-03-09T15:52:56.487Z",
        "updated": "2024-03-09T15:52:56.487Z"
    }
},
{
    "model": "oauth2_provider.accesstoken",
    "pk": 59,
    "fields": {
        "user": 22,
        "source_refresh_token": null,
        "token": "AwisDSBA6zZhRERfgvXMJy9gUvXLEa",
        "id_token": null,
        "application": 1,
        "expires": "2035-08-06T07:53:52.438Z",
        "scope": "read write groups",
        "created": "2024-03-09T15:53:52.439Z",
        "updated": "2024-03-09T15:53:52.439Z"
    }
},
{
    "model": "oauth2_provider.accesstoken",
    "pk": 60,
    "fields": {
        "user": 22,
        "source_refresh_token": null,
        "token": "GIsJ5xSCz0hTBnxZI7USCs5kFhSjgT",
        "id_token": null,
        "application": 1,
        "expires": "2035-08-06T07:54:08.655Z",
        "scope": "read write groups",
        "created": "2024-03-09T15:54:08.655Z",
        "updated": "2024-03-09T15:54:08.655Z"
    }
},
{
    "model": "oauth2_provider.accesstoken",
    "pk": 61,
    "fields": {
        "user": 22,
        "source_refresh_token": null,
        "token": "ELvgCZmoeI3HtkUpOXhqd5fcataGb9",
        "id_token": null,
        "application": 1,
        "expires": "2035-08-06T08:44:26.176Z",
        "scope": "read write groups",
        "created": "2024-03-09T16:44:26.176Z",
        "updated": "2024-03-09T16:44:26.176Z"
    }
},
{
    "model": "oauth2_provider.accesstoken",
    "pk": 62,
    "fields": {
        "user": 22,
        "source_refresh_token": null,
        "token": "IiI1j9pPjGEW1Hi3PmsYK1yqOYhOH6",
        "id_token": null,
        "application": 1,
        "expires": "2035-08-06T08:44:44.350Z",
        "scope": "read write groups",
        "created": "2024-03-09T16:44:44.350Z",
        "updated": "2024-03-09T16:44:44.350Z"
    }
},
{
    "model": "oauth2_provider.accesstoken",
    "pk": 63,
    "fields": {
        "user": 22,
        "source_refresh_token": null,
        "token": "qQ5jffrNG0aeQHn8H8b9lcsMJFqQZQ",
        "id_token": null,
        "application": 1,
        "expires": "2035-08-06T08:46:32.522Z",
        "scope": "read write groups",
        "created": "2024-03-09T16:46:32.522Z",
        "updated": "2024-03-09T16:46:32.522Z"
    }
},
{
    "model": "oauth2_provider.accesstoken",
    "pk": 64,
    "fields": {
        "user": 22,
        "source_refresh_token": null,
        "token": "eiyrA0272ahI9KcNfX2cXIb4ZYetdt",
        "id_token": null,
        "application": 1,
        "expires": "2035-08-06T08:47:10.201Z",
        "scope": "read write groups",
        "created": "2024-03-09T16:47:10.202Z",
        "updated": "2024-03-09T16:47:10.202Z"
    }
},
{
    "model": "oauth2_provider.accesstoken",
    "pk": 65,
    "fields": {
        "user": 22,
        "source_refresh_token": null,
        "token": "4BjgIyAAnIUwxCHIEKIwBByinzJpaK",
        "id_token": null,
        "application": 1,
        "expires": "2035-08-06T08:48:01.061Z",
        "scope": "read write groups",
        "created": "2024-03-09T16:48:01.062Z",
        "updated": "2024-03-09T16:48:01.062Z"
    }
},
{
    "model": "oauth2_provider.accesstoken",
    "pk": 66,
    "fields": {
        "user": 22,
        "source_refresh_token": null,
        "token": "rfsbGvjliGgghNO5vlWvcowYdjKwci",
        "id_token": null,
        "application": 1,
        "expires": "2035-08-06T08:48:28.873Z",
        "scope": "read write groups",
        "created": "2024-03-09T16:48:28.873Z",
        "updated": "2024-03-09T16:48:28.873Z"
    }
},
{
    "model": "oauth2_provider.accesstoken",
    "pk": 67,
    "fields": {
        "user": 22,
        "source_refresh_token": null,
        "token": "Tq72XrETgN6VAJdl7p1G5NHXAFBoPu",
        "id_token": null,
        "application": 1,
        "expires": "2035-08-06T08:49:06.674Z",
        "scope": "read write groups",
        "created": "2024-03-09T16:49:06.674Z",
        "updated": "2024-03-09T16:49:06.674Z"
    }
},
{
    "model": "oauth2_provider.accesstoken",
    "pk": 68,
    "fields": {
        "user": 22,
        "source_refresh_token": null,
        "token": "JlAAJThoShaWgHpONGDQ8zMAzKvTii",
        "id_token": null,
        "application": 1,
        "expires": "2035-08-06T08:49:22.420Z",
        "scope": "read write groups",
        "created": "2024-03-09T16:49:22.420Z",
        "updated": "2024-03-09T16:49:22.420Z"
    }
},
{
    "model": "oauth2_provider.accesstoken",
    "pk": 69,
    "fields": {
        "user": 22,
        "source_refresh_token": null,
        "token": "LGtSSL0k6SAfMNNsZy0CjHrM4YYPTx",
        "id_token": null,
        "application": 1,
        "expires": "2035-08-06T08:49:53.044Z",
        "scope": "read write groups",
        "created": "2024-03-09T16:49:53.045Z",
        "updated": "2024-03-09T16:49:53.045Z"
    }
},
{
    "model": "oauth2_provider.accesstoken",
    "pk": 70,
    "fields": {
        "user": 22,
        "source_refresh_token": null,
        "token": "slqUqORGslTq5u2UWFFr4FGcsbfFow",
        "id_token": null,
        "application": 1,
        "expires": "2035-08-06T08:50:19.868Z",
        "scope": "read write groups",
        "created": "2024-03-09T16:50:19.869Z",
        "updated": "2024-03-09T16:50:19.869Z"
    }
},
{
    "model": "oauth2_provider.accesstoken",
    "pk": 71,
    "fields": {
        "user": 22,
        "source_refresh_token": null,
        "token": "ZlSUkHlGnUC27rH0bZEfrFFG9pwDvX",
        "id_token": null,
        "application": 1,
        "expires": "2035-08-06T08:51:16.918Z",
        "scope": "read write groups",
        "created": "2024-03-09T16:51:16.918Z",
        "updated": "2024-03-09T16:51:16.918Z"
    }
},
{
    "model": "oauth2_provider.accesstoken",
    "pk": 72,
    "fields": {
        "user": 22,
        "source_refresh_token": null,
        "token": "Zb4hbSycuAI93VGcASnH8kDAwSM0Fu",
        "id_token": null,
        "application": 1,
        "expires": "2035-08-06T09:06:51.021Z",
        "scope": "read write groups",
        "created": "2024-03-09T17:06:51.021Z",
        "updated": "2024-03-09T17:06:51.021Z"
    }
},
{
    "model": "oauth2_provider.accesstoken",
    "pk": 73,
    "fields": {
        "user": 22,
        "source_refresh_token": null,
        "token": "PTFQH5bWG8FYTLxH0OAp3EvExSRw1r",
        "id_token": null,
        "application": 1,
        "expires": "2035-08-06T09:07:25.429Z",
        "scope": "read write groups",
        "created": "2024-03-09T17:07:25.430Z",
        "updated": "2024-03-09T17:07:25.430Z"
    }
},
{
    "model": "oauth2_provider.accesstoken",
    "pk": 74,
    "fields": {
        "user": 22,
        "source_refresh_token": null,
        "token": "xJ3uo1YNoWbFj07SOMfjDpAsSgcvi2",
        "id_token": null,
        "application": 1,
        "expires": "2035-08-06T09:07:56.183Z",
        "scope": "read write groups",
        "created": "2024-03-09T17:07:56.184Z",
        "updated": "2024-03-09T17:07:56.184Z"
    }
},
{
    "model": "oauth2_provider.accesstoken",
    "pk": 75,
    "fields": {
        "user": 22,
        "source_refresh_token": null,
        "token": "XqdWIRiL8IcOoVAKIYPO5rI7SIv5tF",
        "id_token": null,
        "application": 1,
        "expires": "2035-08-06T09:09:05.081Z",
        "scope": "read write groups",
        "created": "2024-03-09T17:09:05.082Z",
        "updated": "2024-03-09T17:09:05.082Z"
    }
},
{
    "model": "oauth2_provider.accesstoken",
    "pk": 76,
    "fields": {
        "user": 23,
        "source_refresh_token": null,
        "token": "cj0ZEY4UN1h4wRMg9iHzZjf8HwkrOH",
        "id_token": null,
        "application": 1,
        "expires": "2035-08-06T09:10:47.811Z",
        "scope": "read write groups",
        "created": "2024-03-09T17:10:47.812Z",
        "updated": "2024-03-09T17:10:47.812Z"
    }
},
{
    "model": "oauth2_provider.accesstoken",
    "pk": 77,
    "fields": {
        "user": 23,
        "source_refresh_token": null,
        "token": "KO4X0BIiNIQ4SNtuXoSrrc8hFYKDV4",
        "id_token": null,
        "application": 1,
        "expires": "2035-08-06T09:11:37.358Z",
        "scope": "read write groups",
        "created": "2024-03-09T17:11:37.358Z",
        "updated": "2024-03-09T17:11:37.358Z"
    }
},
{
    "model": "oauth2_provider.accesstoken",
    "pk": 78,
    "fields": {
        "user": 23,
        "source_refresh_token": null,
        "token": "dhR7lEANPT0LffQTECLvj2FunHPaRc",
        "id_token": null,
        "application": 1,
        "expires": "2035-08-06T09:13:28.836Z",
        "scope": "read write groups",
        "created": "2024-03-09T17:13:28.836Z",
        "updated": "2024-03-09T17:13:28.836Z"
    }
},
{
    "model": "oauth2_provider.accesstoken",
    "pk": 79,
    "fields": {
        "user": 23,
        "source_refresh_token": null,
        "token": "u4pCFYTsS5ir7NxsbzaYORhugWJk9T",
        "id_token": null,
        "application": 1,
        "expires": "2035-08-06T09:27:01.586Z",
        "scope": "read write groups",
        "created": "2024-03-09T17:27:01.587Z",
        "updated": "2024-03-09T17:27:01.587Z"
    }
},
{
    "model": "oauth2_provider.accesstoken",
    "pk": 80,
    "fields": {
        "user": 23,
        "source_refresh_token": null,
        "token": "Ux6Ka3hKNAZmzatfpyjlhbREqwcdJq",
        "id_token": null,
        "application": 1,
        "expires": "2035-08-06T09:27:20.636Z",
        "scope": "read write groups",
        "created": "2024-03-09T17:27:20.636Z",
        "updated": "2024-03-09T17:27:20.636Z"
    }
},
{
    "model": "oauth2_provider.accesstoken",
    "pk": 81,
    "fields": {
        "user": 23,
        "source_refresh_token": null,
        "token": "1J6aI3HMgI2eLWZNXnp0Cx9eB7Acjm",
        "id_token": null,
        "application": 1,
        "expires": "2035-08-06T09:29:20.146Z",
        "scope": "read write groups",
        "created": "2024-03-09T17:29:20.146Z",
        "updated": "2024-03-09T17:29:20.146Z"
    }
},
{
    "model": "oauth2_provider.accesstoken",
    "pk": 82,
    "fields": {
        "user": 23,
        "source_refresh_token": null,
        "token": "t0nZo59RmxqweqSMDImULk0OY0wcq0",
        "id_token": null,
        "application": 1,
        "expires": "2035-08-06T09:29:35.043Z",
        "scope": "read write groups",
        "created": "2024-03-09T17:29:35.044Z",
        "updated": "2024-03-09T17:29:35.044Z"
    }
},
{
    "model": "oauth2_provider.accesstoken",
    "pk": 83,
    "fields": {
        "user": 23,
        "source_refresh_token": null,
        "token": "ajvGNX4NHsONuAh5xRdEwygXO1y82q",
        "id_token": null,
        "application": 1,
        "expires": "2035-08-06T10:33:56.029Z",
        "scope": "read write groups",
        "created": "2024-03-09T18:33:56.029Z",
        "updated": "2024-03-09T18:33:56.029Z"
    }
},
{
    "model": "oauth2_provider.accesstoken",
    "pk": 84,
    "fields": {
        "user": 22,
        "source_refresh_token": null,
        "token": "l3URvSvU303nHKXizUyPrJuMgWfs36",
        "id_token": null,
        "application": 1,
        "expires": "2035-08-06T15:38:42.803Z",
        "scope": "read write groups",
        "created": "2024-03-09T23:38:42.803Z",
        "updated": "2024-03-09T23:38:42.803Z"
    }
},
{
    "model": "oauth2_provider.accesstoken",
    "pk": 85,
    "fields": {
        "user": 22,
        "source_refresh_token": null,
        "token": "kNzDJi9b3KORMrwjNIYL9AF9RyY3f7",
        "id_token": null,
        "application": 1,
        "expires": "2035-08-06T15:38:56.916Z",
        "scope": "read write groups",
        "created": "2024-03-09T23:38:56.917Z",
        "updated": "2024-03-09T23:38:56.917Z"
    }
},
{
    "model": "oauth2_provider.accesstoken",
    "pk": 86,
    "fields": {
        "user": 22,
        "source_refresh_token": null,
        "token": "cSXmzzzjWzdbPh9XL0Ttw9kJ37JjHN",
        "id_token": null,
        "application": 1,
        "expires": "2035-08-06T18:08:07.215Z",
        "scope": "read write groups",
        "created": "2024-03-10T02:08:07.216Z",
        "updated": "2024-03-10T02:08:07.216Z"
    }
},
{
    "model": "oauth2_provider.accesstoken",
    "pk": 87,
    "fields": {
        "user": 23,
        "source_refresh_token": null,
        "token": "MuIoO6xIFNr4r2aHniBA3okdA9lVIH",
        "id_token": null,
        "application": 1,
        "expires": "2035-08-06T18:19:27.698Z",
        "scope": "read write groups",
        "created": "2024-03-10T02:19:27.699Z",
        "updated": "2024-03-10T02:19:27.699Z"
    }
},
{
    "model": "oauth2_provider.accesstoken",
    "pk": 88,
    "fields": {
        "user": 1,
        "source_refresh_token": null,
        "token": "kc1AIUFwcdw2Dod4Z120og8KqWinMP",
        "id_token": null,
        "application": 1,
        "expires": "2035-08-06T18:31:31.998Z",
        "scope": "read write groups",
        "created": "2024-03-10T02:31:31.999Z",
        "updated": "2024-03-10T02:31:31.999Z"
    }
},
{
    "model": "oauth2_provider.accesstoken",
    "pk": 89,
    "fields": {
        "user": 23,
        "source_refresh_token": null,
        "token": "tu4M260TVSlqu6e6l4cfv8YNhi5qiF",
        "id_token": null,
        "application": 1,
        "expires": "2035-08-06T18:36:51.115Z",
        "scope": "read write groups",
        "created": "2024-03-10T02:36:51.115Z",
        "updated": "2024-03-10T02:36:51.115Z"
    }
},
{
    "model": "oauth2_provider.accesstoken",
    "pk": 90,
    "fields": {
        "user": 1,
        "source_refresh_token": null,
        "token": "2mSoMzLKbEXQ05o3ENCMXurEbhkuLI",
        "id_token": null,
        "application": 1,
        "expires": "2035-08-06T19:41:26.071Z",
        "scope": "read write groups",
        "created": "2024-03-10T03:41:26.071Z",
        "updated": "2024-03-10T03:41:26.072Z"
    }
},
{
    "model": "oauth2_provider.accesstoken",
    "pk": 91,
    "fields": {
        "user": 1,
        "source_refresh_token": null,
        "token": "hDMH1wDeloUCase9vtgv64rBEr9qLS",
        "id_token": null,
        "application": 1,
        "expires": "2035-08-07T03:26:04.147Z",
        "scope": "read write groups",
        "created": "2024-03-10T11:26:04.148Z",
        "updated": "2024-03-10T11:26:04.148Z"
    }
},
{
    "model": "oauth2_provider.refreshtoken",
    "pk": 1,
    "fields": {
        "user": 1,
        "token": "vk0NG4LG42rL3SwlKlc1yM9FRWeKNK",
        "application": 1,
        "access_token": 1,
        "created": "2024-02-26T23:31:09.253Z",
        "updated": "2024-02-26T23:31:09.253Z",
        "revoked": null
    }
},
{
    "model": "oauth2_provider.refreshtoken",
    "pk": 2,
    "fields": {
        "user": 1,
        "token": "Vt5NNDgIFvpyxfGAyTJk5jKFvmzKuy",
        "application": 1,
        "access_token": 2,
        "created": "2024-02-27T00:14:52.362Z",
        "updated": "2024-02-27T00:14:52.362Z",
        "revoked": null
    }
},
{
    "model": "oauth2_provider.refreshtoken",
    "pk": 3,
    "fields": {
        "user": 14,
        "token": "9On1uNjRYFdzCkFXVIa4yjFLMIgxst",
        "application": 1,
        "access_token": 3,
        "created": "2024-02-27T00:16:56.337Z",
        "updated": "2024-02-27T00:16:56.337Z",
        "revoked": null
    }
},
{
    "model": "oauth2_provider.refreshtoken",
    "pk": 4,
    "fields": {
        "user": 1,
        "token": "BkSI4ZwB5o8ZXd5qPUjjg2SesDhEw1",
        "application": 1,
        "access_token": 4,
        "created": "2024-02-27T01:21:58.506Z",
        "updated": "2024-02-27T01:21:58.506Z",
        "revoked": null
    }
},
{
    "model": "oauth2_provider.refreshtoken",
    "pk": 5,
    "fields": {
        "user": 15,
        "token": "JFUZG3wu43orNHYaE4U3xwtxPIovmI",
        "application": 1,
        "access_token": 5,
        "created": "2024-02-28T10:48:32.243Z",
        "updated": "2024-02-28T10:48:32.243Z",
        "revoked": null
    }
},
{
    "model": "oauth2_provider.refreshtoken",
    "pk": 6,
    "fields": {
        "user": 1,
        "token": "jEZOYWn8IJSlzZzpJl8nGB0W0iiOIK",
        "application": 1,
        "access_token": 6,
        "created": "2024-02-28T10:52:43.721Z",
        "updated": "2024-02-28T10:52:43.721Z",
        "revoked": null
    }
},
{
    "model": "oauth2_provider.refreshtoken",
    "pk": 7,
    "fields": {
        "user": 15,
        "token": "rK3Od4PdiF3Ptnp44cO37eXlTL2k5L",
        "application": 1,
        "access_token": 7,
        "created": "2024-02-28T10:56:29.885Z",
        "updated": "2024-02-28T10:56:29.885Z",
        "revoked": null
    }
},
{
    "model": "oauth2_provider.refreshtoken",
    "pk": 8,
    "fields": {
        "user": 1,
        "token": "voYwWwzLxKVOHkVnB3MCffwGkFA3pr",
        "application": 1,
        "access_token": 8,
        "created": "2024-02-28T11:08:25.575Z",
        "updated": "2024-02-28T11:08:25.575Z",
        "revoked": null
    }
},
{
    "model": "oauth2_provider.refreshtoken",
    "pk": 9,
    "fields": {
        "user": 1,
        "token": "M9quyeBcBRSnIJpwB1ZNXU5JlISgy5",
        "application": 1,
        "access_token": 9,
        "created": "2024-02-28T11:10:11.150Z",
        "updated": "2024-02-28T11:10:11.150Z",
        "revoked": null
    }
},
{
    "model": "oauth2_provider.refreshtoken",
    "pk": 10,
    "fields": {
        "user": 12,
        "token": "uV1anhehFl9RzHVuXA2yG4GFoF2AIn",
        "application": 1,
        "access_token": 10,
        "created": "2024-02-28T11:10:27.757Z",
        "updated": "2024-02-28T11:10:27.757Z",
        "revoked": null
    }
},
{
    "model": "oauth2_provider.refreshtoken",
    "pk": 11,
    "fields": {
        "user": 15,
        "token": "BCAWffVwgaJhvvrnryVzCnIh6dljFa",
        "application": 1,
        "access_token": 11,
        "created": "2024-02-28T11:15:00.262Z",
        "updated": "2024-02-28T11:15:00.262Z",
        "revoked": null
    }
},
{
    "model": "oauth2_provider.refreshtoken",
    "pk": 12,
    "fields": {
        "user": 12,
        "token": "QfUr54dANwROPyBt1Cd5tVhgEKbHEv",
        "application": 1,
        "access_token": 12,
        "created": "2024-02-28T11:41:02.141Z",
        "updated": "2024-02-28T11:41:02.141Z",
        "revoked": null
    }
},
{
    "model": "oauth2_provider.refreshtoken",
    "pk": 13,
    "fields": {
        "user": 12,
        "token": "kAzuqKIPwhorzJbT1RnZ57m4lYUeaV",
        "application": 1,
        "access_token": 13,
        "created": "2024-02-28T15:33:00.403Z",
        "updated": "2024-02-28T15:33:00.403Z",
        "revoked": null
    }
},
{
    "model": "oauth2_provider.refreshtoken",
    "pk": 14,
    "fields": {
        "user": 12,
        "token": "E1dSJvEIrRzynUc00sB31ig4l49hMQ",
        "application": 1,
        "access_token": 14,
        "created": "2024-02-28T19:03:26.414Z",
        "updated": "2024-02-28T19:03:26.414Z",
        "revoked": null
    }
},
{
    "model": "oauth2_provider.refreshtoken",
    "pk": 15,
    "fields": {
        "user": 12,
        "token": "adleQ2gCdrR8ob95N17clknSWPJGid",
        "application": 1,
        "access_token": 15,
        "created": "2024-02-28T19:12:38.295Z",
        "updated": "2024-02-28T19:12:38.295Z",
        "revoked": null
    }
},
{
    "model": "oauth2_provider.refreshtoken",
    "pk": 16,
    "fields": {
        "user": 16,
        "token": "E82nwyCsQ6kdG0Dot7AoRCWQckjFB2",
        "application": 1,
        "access_token": 16,
        "created": "2024-02-28T19:13:22.764Z",
        "updated": "2024-02-28T19:13:22.764Z",
        "revoked": null
    }
},
{
    "model": "oauth2_provider.refreshtoken",
    "pk": 17,
    "fields": {
        "user": 16,
        "token": "c4hotAjl1JXtDkn4oqhMV9fWhW8xZ1",
        "application": 1,
        "access_token": 17,
        "created": "2024-02-28T19:24:14.503Z",
        "updated": "2024-02-28T19:24:14.503Z",
        "revoked": null
    }
},
{
    "model": "oauth2_provider.refreshtoken",
    "pk": 18,
    "fields": {
        "user": 16,
        "token": "lICWTE0m3432iRvr8hqeqCjnD4sTMl",
        "application": 1,
        "access_token": 18,
        "created": "2024-02-28T19:57:48.257Z",
        "updated": "2024-02-28T19:57:48.257Z",
        "revoked": null
    }
},
{
    "model": "oauth2_provider.refreshtoken",
    "pk": 19,
    "fields": {
        "user": 18,
        "token": "vNtOfgYAiBf5YrgWQCDQzRkRaFUx96",
        "application": 1,
        "access_token": 19,
        "created": "2024-02-28T20:10:43.606Z",
        "updated": "2024-02-28T20:10:43.606Z",
        "revoked": null
    }
},
{
    "model": "oauth2_provider.refreshtoken",
    "pk": 20,
    "fields": {
        "user": 19,
        "token": "CuMzHgZzSZLpRZRm8TuzG5W1kuMUU8",
        "application": 1,
        "access_token": 20,
        "created": "2024-02-28T20:25:58.084Z",
        "updated": "2024-02-28T20:25:58.084Z",
        "revoked": null
    }
},
{
    "model": "oauth2_provider.refreshtoken",
    "pk": 21,
    "fields": {
        "user": 20,
        "token": "JSzMottCWozoLm8Cwhp5R4MF6XDPhl",
        "application": 1,
        "access_token": 21,
        "created": "2024-02-28T20:26:42.411Z",
        "updated": "2024-02-28T20:26:42.411Z",
        "revoked": null
    }
},
{
    "model": "oauth2_provider.refreshtoken",
    "pk": 22,
    "fields": {
        "user": 20,
        "token": "VZT7UjNUyWfjfHTPRSvAq9X2z6s0no",
        "application": 1,
        "access_token": 22,
        "created": "2024-02-28T20:29:49.432Z",
        "updated": "2024-02-28T20:29:49.432Z",
        "revoked": null
    }
},
{
    "model": "oauth2_provider.refreshtoken",
    "pk": 23,
    "fields": {
        "user": 1,
        "token": "twyS1JFSYwsMbEU664tk3Hiy8g6HKt",
        "application": 1,
        "access_token": 23,
        "created": "2024-03-07T23:34:02.472Z",
        "updated": "2024-03-07T23:34:02.472Z",
        "revoked": null
    }
},
{
    "model": "oauth2_provider.refreshtoken",
    "pk": 24,
    "fields": {
        "user": 1,
        "token": "lp0rDWEBgZ29jqOkinBGUsARsSsJVl",
        "application": 1,
        "access_token": 24,
        "created": "2024-03-08T01:21:41.187Z",
        "updated": "2024-03-08T01:21:41.187Z",
        "revoked": null
    }
},
{
    "model": "oauth2_provider.refreshtoken",
    "pk": 25,
    "fields": {
        "user": 22,
        "token": "1dTshjlsT0NTjDyeoc1nntgZcJ5VAh",
        "application": 1,
        "access_token": 25,
        "created": "2024-03-09T12:45:01.324Z",
        "updated": "2024-03-09T12:45:01.324Z",
        "revoked": null
    }
},
{
    "model": "oauth2_provider.refreshtoken",
    "pk": 26,
    "fields": {
        "user": 22,
        "token": "zcIE6xcIyBWymiis9HlVr3q8Q2VSSe",
        "application": 1,
        "access_token": 26,
        "created": "2024-03-09T12:45:29.630Z",
        "updated": "2024-03-09T12:45:29.630Z",
        "revoked": null
    }
},
{
    "model": "oauth2_provider.refreshtoken",
    "pk": 27,
    "fields": {
        "user": 22,
        "token": "7hgPxmttrmKa02NWxbxbU255E3fbeb",
        "application": 1,
        "access_token": 27,
        "created": "2024-03-09T12:45:56.721Z",
        "updated": "2024-03-09T12:45:56.721Z",
        "revoked": null
    }
},
{
    "model": "oauth2_provider.refreshtoken",
    "pk": 28,
    "fields": {
        "user": 22,
        "token": "1I1cpjMZaApbf4xjNFguUk9g6J97B1",
        "application": 1,
        "access_token": 28,
        "created": "2024-03-09T12:51:58.232Z",
        "updated": "2024-03-09T12:51:58.232Z",
        "revoked": null
    }
},
{
    "model": "oauth2_provider.refreshtoken",
    "pk": 29,
    "fields": {
        "user": 22,
        "token": "1PTGc9GKFtBWlai7L2ARvTueIBeOSP",
        "application": 1,
        "access_token": 29,
        "created": "2024-03-09T12:52:27.140Z",
        "updated": "2024-03-09T12:52:27.140Z",
        "revoked": null
    }
},
{
    "model": "oauth2_provider.refreshtoken",
    "pk": 30,
    "fields": {
        "user": 22,
        "token": "ujdJoO1AgTdmHRFGkv9VKMKWsnzp6i",
        "application": 1,
        "access_token": 30,
        "created": "2024-03-09T13:19:30.586Z",
        "updated": "2024-03-09T13:19:30.586Z",
        "revoked": null
    }
},
{
    "model": "oauth2_provider.refreshtoken",
    "pk": 31,
    "fields": {
        "user": 22,
        "token": "Jt5lgkpENzTfwKbFBrGT8iRjWRGVbX",
        "application": 1,
        "access_token": 31,
        "created": "2024-03-09T13:21:24.013Z",
        "updated": "2024-03-09T13:21:24.013Z",
        "revoked": null
    }
},
{
    "model": "oauth2_provider.refreshtoken",
    "pk": 32,
    "fields": {
        "user": 22,
        "token": "HFJHeIhoMCbtOMNI8wsA7qnRg50NGT",
        "application": 1,
        "access_token": 32,
        "created": "2024-03-09T13:26:44.021Z",
        "updated": "2024-03-09T13:26:44.021Z",
        "revoked": null
    }
},
{
    "model": "oauth2_provider.refreshtoken",
    "pk": 33,
    "fields": {
        "user": 22,
        "token": "RZigfiHcx2fYrFcsy8zMW4kUrYrYCD",
        "application": 1,
        "access_token": 33,
        "created": "2024-03-09T13:29:14.169Z",
        "updated": "2024-03-09T13:29:14.169Z",
        "revoked": null
    }
},
{
    "model": "oauth2_provider.refreshtoken",
    "pk": 34,
    "fields": {
        "user": 22,
        "token": "ymCzitww1bL5c034WYVT4Ynvn8HaNX",
        "application": 1,
        "access_token": 34,
        "created": "2024-03-09T13:31:20.418Z",
        "updated": "2024-03-09T13:31:20.418Z",
        "revoked": null
    }
},
{
    "model": "oauth2_provider.refreshtoken",
    "pk": 35,
    "fields": {
        "user": 22,
        "token": "dseR8gtKMFUyoXEWkbcNjgY3S0xsAh",
        "application": 1,
        "access_token": 35,
        "created": "2024-03-09T13:31:34.371Z",
        "updated": "2024-03-09T13:31:34.371Z",
        "revoked": null
    }
},
{
    "model": "oauth2_provider.refreshtoken",
    "pk": 36,
    "fields": {
        "user": 22,
        "token": "2F8vTXfxAHkoUMZJ7xAqjQRiPHSCoA",
        "application": 1,
        "access_token": 36,
        "created": "2024-03-09T13:43:04.394Z",
        "updated": "2024-03-09T13:43:04.394Z",
        "revoked": null
    }
},
{
    "model": "oauth2_provider.refreshtoken",
    "pk": 37,
    "fields": {
        "user": 22,
        "token": "Gw0JafWSEh3jNdRSPMGcOcVXoIVZOJ",
        "application": 1,
        "access_token": 37,
        "created": "2024-03-09T13:48:43.067Z",
        "updated": "2024-03-09T13:48:43.067Z",
        "revoked": null
    }
},
{
    "model": "oauth2_provider.refreshtoken",
    "pk": 38,
    "fields": {
        "user": 22,
        "token": "g4VHtVnWhg3joB3C98KmYEutTBbZPI",
        "application": 1,
        "access_token": 38,
        "created": "2024-03-09T13:49:57.331Z",
        "updated": "2024-03-09T13:49:57.331Z",
        "revoked": null
    }
},
{
    "model": "oauth2_provider.refreshtoken",
    "pk": 39,
    "fields": {
        "user": 22,
        "token": "PrgmOXxXQEeYGPw2rT0JOkXtSIB99p",
        "application": 1,
        "access_token": 39,
        "created": "2024-03-09T13:50:43.287Z",
        "updated": "2024-03-09T13:50:43.287Z",
        "revoked": null
    }
},
{
    "model": "oauth2_provider.refreshtoken",
    "pk": 40,
    "fields": {
        "user": 22,
        "token": "3egQn6Q9kt2xVXyH5hU1slmLta3rkq",
        "application": 1,
        "access_token": 40,
        "created": "2024-03-09T13:51:53.062Z",
        "updated": "2024-03-09T13:51:53.062Z",
        "revoked": null
    }
},
{
    "model": "oauth2_provider.refreshtoken",
    "pk": 41,
    "fields": {
        "user": 22,
        "token": "3QHQL3Sz5d9xvu6TNF1cPBQ5yAuhtH",
        "application": 1,
        "access_token": 41,
        "created": "2024-03-09T14:41:05.858Z",
        "updated": "2024-03-09T14:41:05.858Z",
        "revoked": null
    }
},
{
    "model": "oauth2_provider.refreshtoken",
    "pk": 42,
    "fields": {
        "user": 22,
        "token": "Ou8737hyq1NMhd8KDnHUV7OefQ9T5A",
        "application": 1,
        "access_token": 42,
        "created": "2024-03-09T14:41:20.958Z",
        "updated": "2024-03-09T14:41:20.958Z",
        "revoked": null
    }
},
{
    "model": "oauth2_provider.refreshtoken",
    "pk": 43,
    "fields": {
        "user": 22,
        "token": "zwPDyv3cbgXyk8qRKPPxtHYGw4bhOk",
        "application": 1,
        "access_token": 43,
        "created": "2024-03-09T14:54:09.381Z",
        "updated": "2024-03-09T14:54:09.381Z",
        "revoked": null
    }
},
{
    "model": "oauth2_provider.refreshtoken",
    "pk": 44,
    "fields": {
        "user": 22,
        "token": "yxYQslEO0z6AEwAvOzxBWv8pzVlOhi",
        "application": 1,
        "access_token": 44,
        "created": "2024-03-09T15:01:10.805Z",
        "updated": "2024-03-09T15:01:10.805Z",
        "revoked": null
    }
},
{
    "model": "oauth2_provider.refreshtoken",
    "pk": 45,
    "fields": {
        "user": 22,
        "token": "OY7ErZ4HduNojtWlpDTy74NJopMjQI",
        "application": 1,
        "access_token": 45,
        "created": "2024-03-09T15:14:06.003Z",
        "updated": "2024-03-09T15:14:06.003Z",
        "revoked": null
    }
},
{
    "model": "oauth2_provider.refreshtoken",
    "pk": 46,
    "fields": {
        "user": 22,
        "token": "SlhsfSzoQGgSgx5HBFi60BEh6XbqxF",
        "application": 1,
        "access_token": 46,
        "created": "2024-03-09T15:17:18.679Z",
        "updated": "2024-03-09T15:17:18.679Z",
        "revoked": null
    }
},
{
    "model": "oauth2_provider.refreshtoken",
    "pk": 47,
    "fields": {
        "user": 22,
        "token": "IItSVchUuVtRIxwDLf4Wa2XyWFfDA7",
        "application": 1,
        "access_token": 47,
        "created": "2024-03-09T15:26:34.893Z",
        "updated": "2024-03-09T15:26:34.893Z",
        "revoked": null
    }
},
{
    "model": "oauth2_provider.refreshtoken",
    "pk": 48,
    "fields": {
        "user": 22,
        "token": "CtMgD2ta0j7aGIe1CfFznUkrv9IKb9",
        "application": 1,
        "access_token": 48,
        "created": "2024-03-09T15:32:18.360Z",
        "updated": "2024-03-09T15:32:18.360Z",
        "revoked": null
    }
},
{
    "model": "oauth2_provider.refreshtoken",
    "pk": 49,
    "fields": {
        "user": 22,
        "token": "0fMGg4ymEVlbWunOvWQpRaZ1EIlpUM",
        "application": 1,
        "access_token": 49,
        "created": "2024-03-09T15:32:41.816Z",
        "updated": "2024-03-09T15:32:41.816Z",
        "revoked": null
    }
},
{
    "model": "oauth2_provider.refreshtoken",
    "pk": 50,
    "fields": {
        "user": 22,
        "token": "EwMR7gXG48j4ekUZZnAuSaaWdJw98D",
        "application": 1,
        "access_token": 50,
        "created": "2024-03-09T15:33:11.643Z",
        "updated": "2024-03-09T15:33:11.643Z",
        "revoked": null
    }
},
{
    "model": "oauth2_provider.refreshtoken",
    "pk": 51,
    "fields": {
        "user": 22,
        "token": "bTT8GjS6l0bchXEv5dBAgnMicrhYPK",
        "application": 1,
        "access_token": 51,
        "created": "2024-03-09T15:45:55.615Z",
        "updated": "2024-03-09T15:45:55.615Z",
        "revoked": null
    }
},
{
    "model": "oauth2_provider.refreshtoken",
    "pk": 52,
    "fields": {
        "user": 22,
        "token": "KxbouFe54GUPHDQMXGX4XrEwKrsWNz",
        "application": 1,
        "access_token": 52,
        "created": "2024-03-09T15:48:41.899Z",
        "updated": "2024-03-09T15:48:41.899Z",
        "revoked": null
    }
},
{
    "model": "oauth2_provider.refreshtoken",
    "pk": 53,
    "fields": {
        "user": 22,
        "token": "YrXRtxJ636hOYEBP6thTKr0LYDXEkA",
        "application": 1,
        "access_token": 53,
        "created": "2024-03-09T15:49:17.159Z",
        "updated": "2024-03-09T15:49:17.159Z",
        "revoked": null
    }
},
{
    "model": "oauth2_provider.refreshtoken",
    "pk": 54,
    "fields": {
        "user": 22,
        "token": "ARnStvME1yIptW8wT85GyUz5v5402m",
        "application": 1,
        "access_token": 54,
        "created": "2024-03-09T15:49:48.896Z",
        "updated": "2024-03-09T15:49:48.896Z",
        "revoked": null
    }
},
{
    "model": "oauth2_provider.refreshtoken",
    "pk": 55,
    "fields": {
        "user": 22,
        "token": "bkEwgMhDJOgY0TxpVVx3W1CaRhEnSX",
        "application": 1,
        "access_token": 55,
        "created": "2024-03-09T15:50:35.563Z",
        "updated": "2024-03-09T15:50:35.563Z",
        "revoked": null
    }
},
{
    "model": "oauth2_provider.refreshtoken",
    "pk": 56,
    "fields": {
        "user": 22,
        "token": "eDpYBqNwjy3Kx3hupevL4QegqdOYmJ",
        "application": 1,
        "access_token": 56,
        "created": "2024-03-09T15:51:16.846Z",
        "updated": "2024-03-09T15:51:16.846Z",
        "revoked": null
    }
},
{
    "model": "oauth2_provider.refreshtoken",
    "pk": 57,
    "fields": {
        "user": 22,
        "token": "QQGLtdAV1LozS3XF6beAbId1zYM7Vq",
        "application": 1,
        "access_token": 57,
        "created": "2024-03-09T15:52:26.375Z",
        "updated": "2024-03-09T15:52:26.375Z",
        "revoked": null
    }
},
{
    "model": "oauth2_provider.refreshtoken",
    "pk": 58,
    "fields": {
        "user": 22,
        "token": "8Jp4qEQy02M3LRef6spVfVxVCHQ6cJ",
        "application": 1,
        "access_token": 58,
        "created": "2024-03-09T15:52:56.488Z",
        "updated": "2024-03-09T15:52:56.488Z",
        "revoked": null
    }
},
{
    "model": "oauth2_provider.refreshtoken",
    "pk": 59,
    "fields": {
        "user": 22,
        "token": "aekGPRRPBLUkE69msYHXm6OD2XCZIi",
        "application": 1,
        "access_token": 59,
        "created": "2024-03-09T15:53:52.440Z",
        "updated": "2024-03-09T15:53:52.440Z",
        "revoked": null
    }
},
{
    "model": "oauth2_provider.refreshtoken",
    "pk": 60,
    "fields": {
        "user": 22,
        "token": "4iqfxqdqwGTKfcm8eqVDxDEvj9IYSG",
        "application": 1,
        "access_token": 60,
        "created": "2024-03-09T15:54:08.656Z",
        "updated": "2024-03-09T15:54:08.656Z",
        "revoked": null
    }
},
{
    "model": "oauth2_provider.refreshtoken",
    "pk": 61,
    "fields": {
        "user": 22,
        "token": "jFTftnz2dZCTIcT6cYRejYOTDPERxi",
        "application": 1,
        "access_token": 61,
        "created": "2024-03-09T16:44:26.178Z",
        "updated": "2024-03-09T16:44:26.178Z",
        "revoked": null
    }
},
{
    "model": "oauth2_provider.refreshtoken",
    "pk": 62,
    "fields": {
        "user": 22,
        "token": "ff5eZnVahG5PJQDHyJM1JR25eacz50",
        "application": 1,
        "access_token": 62,
        "created": "2024-03-09T16:44:44.351Z",
        "updated": "2024-03-09T16:44:44.351Z",
        "revoked": null
    }
},
{
    "model": "oauth2_provider.refreshtoken",
    "pk": 63,
    "fields": {
        "user": 22,
        "token": "41YIY6SJAY5J7XyJ0V3aaTYP4xzm6h",
        "application": 1,
        "access_token": 63,
        "created": "2024-03-09T16:46:32.523Z",
        "updated": "2024-03-09T16:46:32.523Z",
        "revoked": null
    }
},
{
    "model": "oauth2_provider.refreshtoken",
    "pk": 64,
    "fields": {
        "user": 22,
        "token": "HaJrnVH462CdoLFzbmdnxtZiuuf2L8",
        "application": 1,
        "access_token": 64,
        "created": "2024-03-09T16:47:10.203Z",
        "updated": "2024-03-09T16:47:10.203Z",
        "revoked": null
    }
},
{
    "model": "oauth2_provider.refreshtoken",
    "pk": 65,
    "fields": {
        "user": 22,
        "token": "C0eLIKCix9NwdcPC7KXe4Tood0b8kV",
        "application": 1,
        "access_token": 65,
        "created": "2024-03-09T16:48:01.063Z",
        "updated": "2024-03-09T16:48:01.063Z",
        "revoked": null
    }
},
{
    "model": "oauth2_provider.refreshtoken",
    "pk": 66,
    "fields": {
        "user": 22,
        "token": "4r4iRGoqrmvBIqsupRvBMCA9hTrkJT",
        "application": 1,
        "access_token": 66,
        "created": "2024-03-09T16:48:28.874Z",
        "updated": "2024-03-09T16:48:28.874Z",
        "revoked": null
    }
},
{
    "model": "oauth2_provider.refreshtoken",
    "pk": 67,
    "fields": {
        "user": 22,
        "token": "WiDuwVZE67Fd6vRKqnA8t3jX8xYd58",
        "application": 1,
        "access_token": 67,
        "created": "2024-03-09T16:49:06.675Z",
        "updated": "2024-03-09T16:49:06.675Z",
        "revoked": null
    }
},
{
    "model": "oauth2_provider.refreshtoken",
    "pk": 68,
    "fields": {
        "user": 22,
        "token": "MwKeTLQpLT1ZPLVl5ii3qGgMh6ruqz",
        "application": 1,
        "access_token": 68,
        "created": "2024-03-09T16:49:22.421Z",
        "updated": "2024-03-09T16:49:22.421Z",
        "revoked": null
    }
},
{
    "model": "oauth2_provider.refreshtoken",
    "pk": 69,
    "fields": {
        "user": 22,
        "token": "KXHsHMgeTQeZwPogPUvrJyHtzFPCVJ",
        "application": 1,
        "access_token": 69,
        "created": "2024-03-09T16:49:53.046Z",
        "updated": "2024-03-09T16:49:53.046Z",
        "revoked": null
    }
},
{
    "model": "oauth2_provider.refreshtoken",
    "pk": 70,
    "fields": {
        "user": 22,
        "token": "tfJDYqn5DhepR80qpwbCC2TQ51KONp",
        "application": 1,
        "access_token": 70,
        "created": "2024-03-09T16:50:19.870Z",
        "updated": "2024-03-09T16:50:19.870Z",
        "revoked": null
    }
},
{
    "model": "oauth2_provider.refreshtoken",
    "pk": 71,
    "fields": {
        "user": 22,
        "token": "BaoeKrQA8wKvxlTmpraHKTiF52C70o",
        "application": 1,
        "access_token": 71,
        "created": "2024-03-09T16:51:16.919Z",
        "updated": "2024-03-09T16:51:16.919Z",
        "revoked": null
    }
},
{
    "model": "oauth2_provider.refreshtoken",
    "pk": 72,
    "fields": {
        "user": 22,
        "token": "c8gAPOcTv2pM0n7rBhNx1aJso3maPJ",
        "application": 1,
        "access_token": 72,
        "created": "2024-03-09T17:06:51.023Z",
        "updated": "2024-03-09T17:06:51.023Z",
        "revoked": null
    }
},
{
    "model": "oauth2_provider.refreshtoken",
    "pk": 73,
    "fields": {
        "user": 22,
        "token": "WUnnC4nMF6DILbd9qNN4focfyNYbZV",
        "application": 1,
        "access_token": 73,
        "created": "2024-03-09T17:07:25.431Z",
        "updated": "2024-03-09T17:07:25.431Z",
        "revoked": null
    }
},
{
    "model": "oauth2_provider.refreshtoken",
    "pk": 74,
    "fields": {
        "user": 22,
        "token": "DJ36BST9mM0OjfMieWFH0nR1hXgwGH",
        "application": 1,
        "access_token": 74,
        "created": "2024-03-09T17:07:56.185Z",
        "updated": "2024-03-09T17:07:56.185Z",
        "revoked": null
    }
},
{
    "model": "oauth2_provider.refreshtoken",
    "pk": 75,
    "fields": {
        "user": 22,
        "token": "ZewQTrWrcUYQ2HZtCg9YdZ0plIZYNp",
        "application": 1,
        "access_token": 75,
        "created": "2024-03-09T17:09:05.084Z",
        "updated": "2024-03-09T17:09:05.084Z",
        "revoked": null
    }
},
{
    "model": "oauth2_provider.refreshtoken",
    "pk": 76,
    "fields": {
        "user": 23,
        "token": "7kH1UC3jK6MUPNyKZLooQNAwBwUSUT",
        "application": 1,
        "access_token": 76,
        "created": "2024-03-09T17:10:47.813Z",
        "updated": "2024-03-09T17:10:47.813Z",
        "revoked": null
    }
},
{
    "model": "oauth2_provider.refreshtoken",
    "pk": 77,
    "fields": {
        "user": 23,
        "token": "M77nbY7xW4cnAUfOSWutw8dCR2eiej",
        "application": 1,
        "access_token": 77,
        "created": "2024-03-09T17:11:37.359Z",
        "updated": "2024-03-09T17:11:37.359Z",
        "revoked": null
    }
},
{
    "model": "oauth2_provider.refreshtoken",
    "pk": 78,
    "fields": {
        "user": 23,
        "token": "fNmmk7CFoofVXyfYrrFkaJaDe0jdq9",
        "application": 1,
        "access_token": 78,
        "created": "2024-03-09T17:13:28.838Z",
        "updated": "2024-03-09T17:13:28.838Z",
        "revoked": null
    }
},
{
    "model": "oauth2_provider.refreshtoken",
    "pk": 79,
    "fields": {
        "user": 23,
        "token": "VILN5PNpKrJ2px9OeMPbadE4qsbWqB",
        "application": 1,
        "access_token": 79,
        "created": "2024-03-09T17:27:01.588Z",
        "updated": "2024-03-09T17:27:01.588Z",
        "revoked": null
    }
},
{
    "model": "oauth2_provider.refreshtoken",
    "pk": 80,
    "fields": {
        "user": 23,
        "token": "m1Pckmqugaw57LT3A1NOvPPl2PCQ3H",
        "application": 1,
        "access_token": 80,
        "created": "2024-03-09T17:27:20.637Z",
        "updated": "2024-03-09T17:27:20.637Z",
        "revoked": null
    }
},
{
    "model": "oauth2_provider.refreshtoken",
    "pk": 81,
    "fields": {
        "user": 23,
        "token": "Zd9wnjiufJes2KvzR4PtOdEB0MqWGC",
        "application": 1,
        "access_token": 81,
        "created": "2024-03-09T17:29:20.148Z",
        "updated": "2024-03-09T17:29:20.148Z",
        "revoked": null
    }
},
{
    "model": "oauth2_provider.refreshtoken",
    "pk": 82,
    "fields": {
        "user": 23,
        "token": "KQUkh3R2qyyhrNXdmv5veHy0ScJQGE",
        "application": 1,
        "access_token": 82,
        "created": "2024-03-09T17:29:35.046Z",
        "updated": "2024-03-09T17:29:35.046Z",
        "revoked": null
    }
},
{
    "model": "oauth2_provider.refreshtoken",
    "pk": 83,
    "fields": {
        "user": 23,
        "token": "brMAEEIukpB90y8d45ctsgVxMVzwBl",
        "application": 1,
        "access_token": 83,
        "created": "2024-03-09T18:33:56.031Z",
        "updated": "2024-03-09T18:33:56.031Z",
        "revoked": null
    }
},
{
    "model": "oauth2_provider.refreshtoken",
    "pk": 84,
    "fields": {
        "user": 22,
        "token": "k7mSauOPAYwHTsmq1aZpBTxBxZ02dO",
        "application": 1,
        "access_token": 84,
        "created": "2024-03-09T23:38:42.804Z",
        "updated": "2024-03-09T23:38:42.804Z",
        "revoked": null
    }
},
{
    "model": "oauth2_provider.refreshtoken",
    "pk": 85,
    "fields": {
        "user": 22,
        "token": "ZNPikgkp8fLkfXF7RKlYNoGFyNkzW3",
        "application": 1,
        "access_token": 85,
        "created": "2024-03-09T23:38:56.917Z",
        "updated": "2024-03-09T23:38:56.917Z",
        "revoked": null
    }
},
{
    "model": "oauth2_provider.refreshtoken",
    "pk": 86,
    "fields": {
        "user": 22,
        "token": "mEeE0M4hx9KK0TZ1VwcJ0wcOsF5t25",
        "application": 1,
        "access_token": 86,
        "created": "2024-03-10T02:08:07.216Z",
        "updated": "2024-03-10T02:08:07.216Z",
        "revoked": null
    }
},
{
    "model": "oauth2_provider.refreshtoken",
    "pk": 87,
    "fields": {
        "user": 23,
        "token": "J0qKSzRkTwn258e2ifeGTpI1dKoiJu",
        "application": 1,
        "access_token": 87,
        "created": "2024-03-10T02:19:27.700Z",
        "updated": "2024-03-10T02:19:27.700Z",
        "revoked": null
    }
},
{
    "model": "oauth2_provider.refreshtoken",
    "pk": 88,
    "fields": {
        "user": 1,
        "token": "MU7hU0JT7oVvo37EKspmZbCPov4OZp",
        "application": 1,
        "access_token": 88,
        "created": "2024-03-10T02:31:32.000Z",
        "updated": "2024-03-10T02:31:32.000Z",
        "revoked": null
    }
},
{
    "model": "oauth2_provider.refreshtoken",
    "pk": 89,
    "fields": {
        "user": 23,
        "token": "RC9DLljsaJRIBc5Q1gc704h9AGKxno",
        "application": 1,
        "access_token": 89,
        "created": "2024-03-10T02:36:51.116Z",
        "updated": "2024-03-10T02:36:51.116Z",
        "revoked": null
    }
},
{
    "model": "oauth2_provider.refreshtoken",
    "pk": 90,
    "fields": {
        "user": 1,
        "token": "chAEKTjVRy0VRQBuR9EO3mK9n8YCiJ",
        "application": 1,
        "access_token": 90,
        "created": "2024-03-10T03:41:26.073Z",
        "updated": "2024-03-10T03:41:26.073Z",
        "revoked": null
    }
},
{
    "model": "oauth2_provider.refreshtoken",
    "pk": 91,
    "fields": {
        "user": 1,
        "token": "JD37pZEuDNKbT199efJEwkxxwmxVQS",
        "application": 1,
        "access_token": 91,
        "created": "2024-03-10T11:26:04.149Z",
        "updated": "2024-03-10T11:26:04.149Z",
        "revoked": null
    }
},
{
    "model": "sites.site",
    "pk": 1,
    "fields": {
        "domain": "127.0.0.1:8000",
        "name": "127.0.0.1:8000"
    }
},
{
    "model": "account.emailaddress",
    "pk": 1,
    "fields": {
        "user": 1,
        "email": "admin@gmail.com",
        "verified": false,
        "primary": false
    }
},
{
    "model": "socialaccount.socialapp",
    "pk": 1,
    "fields": {
        "provider": "google",
        "provider_id": "",
        "name": "App_Farmacia_API",
        "client_id": "1044094564533-jgdf3q1mej8hhpsfptmm6t8lr2v5spn3.apps.googleusercontent.com",
        "secret": "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",
        "key": "",
        "settings": {},
        "sites": [
            1
        ]
    }
}

]
